-- phpMyAdmin SQL Dump
-- version 5.0.1
-- https://www.phpmyadmin.net/
--
-- Host: localhost
-- Generation Time: Apr 15, 2020 at 08:06 PM
-- Server version: 10.4.11-MariaDB
-- PHP Version: 7.4.3

SET SQL_MODE = "NO_AUTO_VALUE_ON_ZERO";
SET AUTOCOMMIT = 0;
START TRANSACTION;
SET time_zone = "+00:00";


/*!40101 SET @OLD_CHARACTER_SET_CLIENT=@@CHARACTER_SET_CLIENT */;
/*!40101 SET @OLD_CHARACTER_SET_RESULTS=@@CHARACTER_SET_RESULTS */;
/*!40101 SET @OLD_COLLATION_CONNECTION=@@COLLATION_CONNECTION */;
/*!40101 SET NAMES utf8mb4 */;

--
-- Database: `travelog2`
--

-- --------------------------------------------------------

--
-- Table structure for table `country`
--

CREATE TABLE `country` (
  `id` varchar(5) NOT NULL,
  `name` varchar(255) NOT NULL
) ENGINE=InnoDB DEFAULT CHARSET=utf8mb4;

--
-- Dumping data for table `country`
--

INSERT INTO `country` (`id`, `name`) VALUES
('AD', 'ANDORRA'),
('AE', 'UNITED ARAB EMIRATES'),
('AF', 'AFGHANISTAN'),
('AG', 'ANTIGUA AND BARBUDA'),
('AI', 'ANGUILLA'),
('AL', 'ALBANIA'),
('AM', 'ARMENIA'),
('AO', 'ANGOLA'),
('AQ', 'ANTARCTICA'),
('AR', 'ARGENTINA'),
('AS', 'AMERICAN SAMOA'),
('AT', 'AUSTRIA'),
('AU', 'AUSTRALIA'),
('AW', 'ARUBA'),
('AZ', 'AZERBAIJAN'),
('BA', 'BOSNIA AND HERZEGOVINA'),
('BB', 'BARBADOS'),
('BD', 'BANGLADESH'),
('BE', 'BELGIUM'),
('BF', 'BURKINA FASO'),
('BG', 'BULGARIA'),
('BH', 'BAHRAIN'),
('BI', 'BURUNDI'),
('BJ', 'BENIN'),
('BL', 'SAINT BARTHÉLEMY'),
('BM', 'BERMUDA'),
('BN', 'BRUNEI DARUSSALAM'),
('BO', 'BOLIVIA, PLURINATIONAL STATE OF'),
('BR', 'BRAZIL'),
('BS', 'BAHAMAS'),
('BT', 'BHUTAN'),
('BW', 'BOTSWANA'),
('BY', 'BELARUS'),
('BZ', 'BELIZE'),
('CA', 'CANADA'),
('CD', 'CONGO, THE DEMOCRATIC REPUBLIC OF THE'),
('CF', 'CENTRAL AFRICAN REPUBLIC'),
('CG', 'CONGO'),
('CH', 'SWITZERLAND'),
('CI', 'CÔTE D\'IVOIRE'),
('CK', 'COOK ISLANDS'),
('CL', 'CHILE'),
('CM', 'CAMEROON'),
('CN', 'CHINA'),
('CO', 'COLOMBIA'),
('CR', 'COSTA RICA'),
('CU', 'CUBA'),
('CV', 'CAPE VERDE'),
('CY', 'CYPRUS'),
('CZ', 'CZECH REPUBLIC'),
('DE', 'GERMANY'),
('DJ', 'DJIBOUTI'),
('DK', 'DENMARK'),
('DM', 'DOMINICA'),
('DO', 'DOMINICAN REPUBLIC'),
('DZ', 'ALGERIA'),
('EC', 'ECUADOR'),
('EE', 'ESTONIA'),
('EG', 'EGYPT'),
('EH', 'WESTERN SAHARA'),
('ER', 'ERITREA'),
('ES', 'SPAIN'),
('ET', 'ETHIOPIA'),
('FI', 'FINLAND'),
('FJ', 'FIJI'),
('FK', 'FALKLAND ISLANDS (MALVINAS)'),
('FM', 'MICRONESIA, FEDERATED STATES OF'),
('FO', 'FAROE ISLANDS'),
('FR', 'FRANCE'),
('GA', 'GABON'),
('GB', 'UNITED KINGDOM'),
('GD', 'GRENADA'),
('GE', 'GEORGIA'),
('GG', 'GUERNSEY'),
('GH', 'GHANA'),
('GI', 'GIBRALTAR'),
('GL', 'GREENLAND'),
('GM', 'GAMBIA'),
('GN', 'GUINEA'),
('GP', 'FRANCE'),
('GQ', 'EQUATORIAL GUINEA'),
('GR', 'GREECE'),
('GT', 'GUATEMALA'),
('GU', 'GUAM'),
('GW', 'GUINEA-BISSAU'),
('GY', 'GUYANA'),
('HK', 'CHINA'),
('HN', 'HONDURAS'),
('HR', 'CROATIA'),
('HT', 'HAITI'),
('HU', 'HUNGARY'),
('ID', 'INDONESIA'),
('IE', 'IRELAND'),
('IL', 'ISRAEL'),
('IM', 'ISLE OF MAN'),
('IN', 'INDIA'),
('IQ', 'IRAQ'),
('IR', 'IRAN, ISLAMIC REPUBLIC OF'),
('IS', 'ICELAND'),
('IT', 'ITALY'),
('JE', 'JERSEY'),
('JM', 'JAMAICA'),
('JO', 'JORDAN'),
('JP', 'JAPAN'),
('KE', 'KENYA'),
('KG', 'KYRGYZSTAN'),
('KH', 'CAMBODIA'),
('KI', 'KIRIBATI'),
('KM', 'COMOROS'),
('KN', 'SAINT KITTS AND NEVIS'),
('KP', 'KOREA, DEMOCRATIC PEOPLE\'S REPUBLIC OF'),
('KR', 'KOREA, REPUBLIC OF'),
('KW', 'KUWAIT'),
('KY', 'CAYMAN ISLANDS'),
('KZ', 'KAZAKHSTAN'),
('LA', 'LAO PEOPLE\'S DEMOCRATIC REPUBLIC'),
('LB', 'LEBANON'),
('LC', 'SAINT LUCIA'),
('LI', 'LIECHTENSTEIN'),
('LK', 'SRI LANKA'),
('LR', 'LIBERIA'),
('LS', 'LESOTHO'),
('LT', 'LITHUANIA'),
('LU', 'LUXEMBOURG'),
('LV', 'LATVIA'),
('LY', 'LIBYA'),
('MA', 'MOROCCO'),
('MC', 'MONACO'),
('MD', 'MOLDOVA, REPUBLIC OF'),
('ME', 'MONTENEGRO'),
('MG', 'MADAGASCAR'),
('MH', 'MARSHALL ISLANDS'),
('MK', 'MACEDONIA, THE FORMER YUGOSLAV REPUBLIC OF'),
('ML', 'MALI'),
('MM', 'MYANMAR'),
('MN', 'MONGOLIA'),
('MP', 'NORTHERN MARIANA ISLANDS'),
('MR', 'MAURITANIA'),
('MS', 'MONTSERRAT'),
('MT', 'MALTA'),
('MU', 'MAURITIUS'),
('MV', 'MALDIVES'),
('MW', 'MALAWI'),
('MX', 'MEXICO'),
('MY', 'MALAYSIA'),
('MZ', 'MOZAMBIQUE'),
('NA', 'NAMIBIA'),
('NC', 'NEW CALEDONIA'),
('NE', 'NIGER'),
('NG', 'NIGERIA'),
('NI', 'NICARAGUA'),
('NL', 'NETHERLANDS'),
('NO', 'NORWAY'),
('NP', 'NEPAL'),
('NR', 'NAURU'),
('NU', 'NIUE'),
('NZ', 'NEW ZEALAND'),
('OM', 'OMAN'),
('PA', 'PANAMA'),
('PE', 'PERU'),
('PF', 'FRENCH POLYNESIA'),
('PG', 'PAPUA NEW GUINEA'),
('PH', 'PHILIPPINES'),
('PK', 'PAKISTAN'),
('PL', 'POLAND'),
('PM', 'SAINT PIERRE AND MIQUELON'),
('PN', 'PITCAIRN'),
('PR', 'PUERTO RICO'),
('PS', 'PALESTINIAN TERRITORY, OCCUPIED'),
('PT', 'PORTUGAL'),
('PW', 'PALAU'),
('PY', 'PARAGUAY'),
('QA', 'QATAR'),
('RE', 'FRANCE'),
('RO', 'ROMANIA'),
('RS', 'SERBIA'),
('RU', 'RUSSIAN FEDERATION'),
('RW', 'RWANDA'),
('SA', 'SAUDI ARABIA'),
('SB', 'SOLOMON ISLANDS'),
('SC', 'SEYCHELLES'),
('SD', 'SUDAN'),
('SE', 'SWEDEN'),
('SG', 'SINGAPORE'),
('SH', 'SAINT HELENA, ASCENSION AND TRISTAN DA CUNHA'),
('SI', 'SLOVENIA'),
('SK', 'SLOVAKIA'),
('SL', 'SIERRA LEONE'),
('SM', 'SAN MARINO'),
('SN', 'SENEGAL'),
('SO', 'SOMALIA'),
('SR', 'SURINAME'),
('ST', 'SAO TOME AND PRINCIPE'),
('SV', 'EL SALVADOR'),
('SY', 'SYRIAN ARAB REPUBLIC'),
('SZ', 'SWAZILAND'),
('TC', 'TURKS AND CAICOS ISLANDS'),
('TD', 'CHAD'),
('TG', 'TOGO'),
('TH', 'THAILAND'),
('TJ', 'TAJIKISTAN'),
('TL', 'TIMOR-LESTE'),
('TM', 'TURKMENISTAN'),
('TN', 'TUNISIA'),
('TO', 'TONGA'),
('TR', 'TURKEY'),
('TT', 'TRINIDAD AND TOBAGO'),
('TV', 'TUVALU'),
('TW', 'TAIWAN'),
('TZ', 'TANZANIA, UNITED REPUBLIC OF'),
('UA', 'UKRAINE'),
('UG', 'UGANDA'),
('US', 'UNITED STATES'),
('UY', 'URUGUAY'),
('UZ', 'UZBEKISTAN'),
('VA', 'HOLY SEE (VATICAN CITY STATE)'),
('VC', 'SAINT VINCENT AND THE GRENADINES'),
('VE', 'VENEZUELA, BOLIVARIAN REPUBLIC OF'),
('VG', 'VIRGIN ISLANDS, BRITISH'),
('VI', 'VIRGIN ISLANDS, U.S.'),
('VN', 'VIET NAM'),
('VU', 'VANUATU'),
('WF', 'WALLIS AND FUTUNA'),
('WS', 'SAMOA'),
('YE', 'YEMEN'),
('YT', 'MAYOTTE'),
('ZA', 'SOUTH AFRICA'),
('ZM', 'ZAMBIA'),
('ZW', 'ZIMBABWE');

-- --------------------------------------------------------

--
-- Table structure for table `country_has_listing`
--

CREATE TABLE `country_has_listing` (
  `countryId` varchar(5) NOT NULL,
  `listingId` int(11) NOT NULL
) ENGINE=InnoDB DEFAULT CHARSET=utf8mb4;

--
-- Dumping data for table `country_has_listing`
--

INSERT INTO `country_has_listing` (`countryId`, `listingId`) VALUES
('BY', 1),
('BY', 2),
('PL', 3),
('RU', 4),
('PL', 5),
('BY', 6),
('BY', 7),
('EE', 8),
('PL', 9),
('PL', 10),
('AT', 10),
('UA', 11),
('PL', 12),
('PL', 13),
('DE', 14),
('PL', 14),
('PL', 15),
('SE', 16),
('LV', 16),
('LV', 17),
('SE', 17),
('EE', 18),
('AT', 19),
('PL', 20),
('PL', 21),
('RU', 22),
('UA', 23),
('DE', 24),
('DE', 25),
('AT', 26),
('DE', 27),
('RU', 28),
('SK', 29),
('DE', 30),
('PL', 30),
('CZ', 31),
('AT', 31),
('HU', 31),
('EE', 32),
('FI', 32),
('SE', 32),
('LV', 32),
('CZ', 33),
('IT', 33),
('AT', 34),
('IT', 34),
('SK', 35),
('SK', 36),
('PL', 36),
('SI', 37),
('HR', 37),
('IT', 37),
('CZ', 37),
('FI', 38),
('AT', 39),
('IT', 39),
('CZ', 39),
('SI', 40),
('IT', 40),
('AT', 40),
('CZ', 40),
('DE', 41),
('NL', 41),
('PL', 41),
('FR', 42),
('DE', 43),
('FR', 43),
('DE', 44),
('FR', 44),
('NL', 44),
('AT', 45),
('IT', 45),
('RU', 46),
('HU', 47),
('GR', 47),
('RS', 47),
('SK', 47),
('AT', 48),
('SM', 48),
('IT', 48),
('CZ', 48),
('DE', 49),
('NL', 49),
('AT', 50),
('PL', 50),
('DE', 51),
('LU', 51),
('BE', 51),
('NL', 51),
('HR', 52),
('HU', 52),
('FI', 53),
('EE', 53),
('IT', 54),
('VA', 54),
('FR', 55),
('MC', 55),
('FR', 56),
('DE', 56),
('PL', 57),
('DE', 57),
('IT', 58),
('VA', 58),
('RO', 59),
('SK', 59),
('DE', 60),
('CH', 60),
('AT', 60),
('CZ', 60),
('GR', 61),
('FR', 62),
('TR', 63),
('AT', 64),
('IT', 64),
('VA', 64),
('HU', 65),
('ME', 65),
('HR', 65),
('AL', 65),
('BA', 65),
('RU', 66),
('SI', 67),
('IT', 67),
('AT', 67),
('CZ', 67),
('AT', 68),
('RU', 69),
('IE', 70),
('FR', 71),
('TR', 72),
('MT', 73),
('ES', 74),
('HU', 75),
('DE', 76),
('FR', 76),
('ES', 76),
('RS', 77),
('GR', 77),
('HU', 77),
('DE', 78),
('LI', 78),
('CH', 78),
('IT', 78),
('AT', 78),
('CZ', 78),
('DE', 79),
('GB', 79),
('BE', 79),
('AT', 80),
('IT', 80),
('VA', 80),
('CZ', 80),
('DE', 81),
('FR', 81),
('BE', 81),
('DE', 82),
('AT', 82),
('FR', 82),
('IL', 83),
('DE', 84),
('CH', 84),
('IT', 84),
('FR', 84),
('ES', 84),
('AD', 84),
('EG', 85),
('EG', 86),
('DE', 87),
('FR', 87),
('ES', 87),
('JO', 88),
('IL', 88),
('TR', 89),
('DK', 90),
('NO', 90),
('SE', 90),
('LV', 90),
('TN', 91),
('FI', 92),
('EG', 93),
('RO', 94),
('BG', 94),
('MA', 95),
('VA', 96),
('IT', 96),
('TR', 97),
('IT', 98),
('IT', 99),
('IL', 100),
('JO', 100),
('HU', 101),
('BG', 101),
('TR', 101),
('GR', 101),
('SK', 101),
('ES', 102),
('GI', 102),
('GR', 103),
('PT', 104),
('GE', 105),
('ME', 106),
('AL', 106),
('HR', 106),
('AZ', 107),
('IL', 108),
('FR', 109),
('MC', 109),
('IT', 110),
('PT', 111),
('FR', 112),
('CH', 112),
('IT', 112),
('PT', 113),
('ES', 114),
('IL', 115),
('PS', 115),
('JO', 115),
('NO', 116),
('IN', 117),
('MA', 118),
('GB', 119),
('IE', 119),
('LK', 120),
('VN', 121),
('IN', 122),
('TH', 123),
('LK', 124),
('VN', 125);

-- --------------------------------------------------------

--
-- Table structure for table `individual`
--

CREATE TABLE `individual` (
  `checkIn` varchar(20) DEFAULT NULL,
  `checkOut` varchar(20) DEFAULT NULL,
  `savings` double(100,3) DEFAULT NULL,
  `beforePrice` double(100,3) DEFAULT NULL,
  `price` double(100,3) DEFAULT NULL,
  `indivId` int(11) DEFAULT NULL
) ENGINE=InnoDB DEFAULT CHARSET=utf8mb4;

--
-- Dumping data for table `individual`
--

INSERT INTO `individual` (`checkIn`, `checkOut`, `savings`, `beforePrice`, `price`, `indivId`) VALUES
('2020 11 14', '11 15', 29.750, 119.000, 89.250, 1),
('2020 11 14', '11 15', 29.750, 119.000, 89.250, 1),
('2020 11 28', '11 29', 27.250, 109.000, 81.750, 1),
('2020 11 28', '11 29', 27.250, 109.000, 81.750, 1),
('2020 12 12', '12 13', 27.250, 109.000, 81.750, 1),
('2020 12 12', '12 13', 27.250, 109.000, 81.750, 1),
('2020 12 26', '12 27', 32.250, 129.000, 96.750, 1),
('2020 12 26', '12 27', 32.250, 129.000, 96.750, 1),
('2020 12 31', '01 01', 32.250, 129.000, 96.750, 1),
('2020 12 31', '01 01', 32.250, 129.000, 96.750, 1),
('2021 01 09', '01 10', 27.250, 109.000, 81.750, 1),
('2021 01 09', '01 10', 27.250, 109.000, 81.750, 1),
('2021 01 23', '01 24', 27.250, 109.000, 81.750, 1),
('2021 01 23', '01 24', 27.250, 109.000, 81.750, 1),
('2021 02 06', '02 07', 27.250, 109.000, 81.750, 1),
('2021 02 06', '02 07', 27.250, 109.000, 81.750, 1),
('2020 12 31', '01 01', 29.750, 119.000, 89.250, 2),
('2020 12 31', '01 01', 29.750, 119.000, 89.250, 2),
('2020 10 24', '10 25', NULL, NULL, 119.000, 3),
('2020 10 24', '10 25', NULL, NULL, 119.000, 3),
('2021 01 09', '01 10', 29.750, 119.000, 89.250, 3),
('2021 01 09', '01 10', 29.750, 119.000, 89.250, 3),
('2021 02 13', '02 14', 29.750, 119.000, 89.250, 3),
('2021 02 13', '02 14', 29.750, 119.000, 89.250, 3),
('2020 12 31', '01 01', 34.750, 139.000, 104.250, 4),
('2020 12 31', '01 01', 34.750, 139.000, 104.250, 4),
('2020 05 16', '05 17', NULL, NULL, 109.000, 5),
('2020 05 16', '05 17', NULL, NULL, 109.000, 5),
('2020 10 10', '10 11', NULL, NULL, 109.000, 5),
('2020 10 10', '10 11', NULL, NULL, 109.000, 5),
('2020 08 15', '08 16', NULL, NULL, 109.000, 6),
('2020 08 15', '08 16', NULL, NULL, 109.000, 6),
('2020 07 11', '07 12', NULL, NULL, 109.000, 7),
('2020 07 11', '07 12', NULL, NULL, 109.000, 7),
('2020 05 23', '05 24', NULL, NULL, 109.000, 8),
('2020 05 23', '05 24', NULL, NULL, 109.000, 8),
('2020 08 22', '08 23', NULL, NULL, 109.000, 8),
('2020 08 22', '08 23', NULL, NULL, 109.000, 8),
('2020 11 06', '11 08', 44.750, 179.000, 134.250, 9),
('2020 11 06', '11 08', 44.750, 179.000, 134.250, 9),
('2020 12 18', '12 20', 44.750, 179.000, 134.250, 9),
('2020 12 18', '12 20', 44.750, 179.000, 134.250, 9),
('2021 02 19', '02 21', 44.750, 179.000, 134.250, 9),
('2021 02 19', '02 21', 44.750, 179.000, 134.250, 9),
('2020 12 30', '01 01', 49.750, 199.000, 149.250, 10),
('2020 12 30', '01 01', 49.750, 199.000, 149.250, 10),
('2020 12 18', '12 20', 49.750, 199.000, 149.250, 11),
('2020 12 18', '12 20', 49.750, 199.000, 149.250, 11),
('2021 01 08', '01 10', 49.750, 199.000, 149.250, 11),
('2021 01 08', '01 10', 49.750, 199.000, 149.250, 11),
('2020 12 30', '01 01', 52.250, 209.000, 156.750, 12),
('2020 12 30', '01 01', 52.250, 209.000, 156.750, 12),
('2020 06 05', '06 07', NULL, NULL, 159.000, 13),
('2020 06 05', '06 07', NULL, NULL, 159.000, 13),
('2020 07 04', '07 06', NULL, NULL, 159.000, 13),
('2020 07 04', '07 06', NULL, NULL, 159.000, 13),
('2020 08 17', '08 19', NULL, NULL, 159.000, 13),
('2020 08 17', '08 19', NULL, NULL, 159.000, 13),
('2020 10 30', '11 01', NULL, NULL, 219.000, 14),
('2020 10 30', '11 01', NULL, NULL, 219.000, 14),
('2020 11 13', '11 15', 54.750, 219.000, 164.250, 14),
('2020 11 13', '11 15', 54.750, 219.000, 164.250, 14),
('2020 12 11', '12 13', 54.750, 219.000, 164.250, 14),
('2020 12 11', '12 13', 54.750, 219.000, 164.250, 14),
('2020 12 25', '12 27', 54.750, 219.000, 164.250, 14),
('2020 12 25', '12 27', 54.750, 219.000, 164.250, 14),
('2020 06 12', '06 14', NULL, NULL, 169.000, 15),
('2020 06 12', '06 14', NULL, NULL, 169.000, 15),
('2020 07 17', '07 19', NULL, NULL, 169.000, 15),
('2020 07 17', '07 19', NULL, NULL, 169.000, 15),
('2020 08 07', '08 09', NULL, NULL, 169.000, 15),
('2020 08 07', '08 09', NULL, NULL, 169.000, 15),
('2020 09 18', '09 20', NULL, NULL, 169.000, 15),
('2020 09 18', '09 20', NULL, NULL, 169.000, 15),
('2020 10 23', '10 25', NULL, NULL, 169.000, 15),
('2020 10 23', '10 25', NULL, NULL, 169.000, 15),
('2020 12 30', '01 01', 57.250, 229.000, 171.750, 16),
('2020 07 24', '07 26', NULL, NULL, 199.000, 17),
('2020 09 11', '09 13', NULL, NULL, 179.000, 17),
('2020 06 24', '06 26', NULL, NULL, 179.000, 18),
('2020 06 24', '06 26', NULL, NULL, 179.000, 18),
('2020 07 17', '07 19', NULL, NULL, 179.000, 18),
('2020 07 17', '07 19', NULL, NULL, 179.000, 18),
('2020 07 03', '07 05', NULL, NULL, 179.000, 19),
('2020 07 03', '07 05', NULL, NULL, 179.000, 19),
('2020 08 27', '08 29', NULL, NULL, 179.000, 19),
('2020 08 27', '08 29', NULL, NULL, 179.000, 19),
('2020 09 24', '09 26', NULL, NULL, 179.000, 19),
('2020 09 24', '09 26', NULL, NULL, 179.000, 19),
('2021 01 14', '01 17', 59.750, 239.000, 179.250, 20),
('2021 01 14', '01 17', 59.750, 239.000, 179.250, 20),
('2021 02 18', '02 21', 59.750, 239.000, 179.250, 20),
('2021 02 18', '02 21', 59.750, 239.000, 179.250, 20),
('2020 05 28', '05 30', NULL, NULL, 189.000, 21),
('2020 05 28', '05 30', NULL, NULL, 189.000, 21),
('2020 06 19', '06 21', NULL, NULL, 189.000, 21),
('2020 06 19', '06 21', NULL, NULL, 189.000, 21),
('2020 07 10', '07 12', NULL, NULL, 189.000, 21),
('2020 07 10', '07 12', NULL, NULL, 189.000, 21),
('2020 08 21', '08 23', NULL, NULL, 189.000, 21),
('2020 08 21', '08 23', NULL, NULL, 189.000, 21),
('2020 06 19', '06 21', NULL, NULL, 209.000, 22),
('2020 06 19', '06 21', NULL, NULL, 209.000, 22),
('2020 07 17', '07 19', NULL, NULL, 209.000, 22),
('2020 07 17', '07 19', NULL, NULL, 209.000, 22),
('2020 08 28', '08 30', NULL, NULL, 189.000, 22),
('2020 08 28', '08 30', NULL, NULL, 189.000, 22),
('2020 12 30', '01 02', 72.250, 289.000, 216.750, 23),
('2020 12 30', '01 02', 72.250, 289.000, 216.750, 23),
('2020 06 26', '06 28', NULL, NULL, 219.000, 24),
('2020 06 26', '06 28', NULL, NULL, 219.000, 24),
('2020 08 21', '08 23', NULL, NULL, 219.000, 24),
('2020 08 21', '08 23', NULL, NULL, 219.000, 24),
('2020 10 23', '10 25', NULL, NULL, 219.000, 24),
('2020 10 23', '10 25', NULL, NULL, 219.000, 24),
('2020 12 17', '12 20', 74.750, 299.000, 224.250, 25),
('2020 12 17', '12 20', 74.750, 299.000, 224.250, 25),
('2020 12 30', '01 02', 74.750, 299.000, 224.250, 26),
('2020 12 30', '01 02', 74.750, 299.000, 224.250, 26),
('2020 07 31', '08 03', NULL, NULL, 229.000, 27),
('2020 07 31', '08 03', NULL, NULL, 229.000, 27),
('2020 09 17', '09 20', NULL, NULL, 229.000, 27),
('2020 09 17', '09 20', NULL, NULL, 229.000, 27),
('2020 12 30', '01 02', 77.250, 309.000, 231.750, 28),
('2020 12 30', '01 02', 77.250, 309.000, 231.750, 28),
('2021 02 12', '02 16', 79.750, 319.000, 239.250, 29),
('2021 02 12', '02 16', 79.750, 319.000, 239.250, 29),
('2021 03 10', '03 14', 79.750, 319.000, 239.250, 29),
('2021 03 10', '03 14', 79.750, 319.000, 239.250, 29),
('2020 12 30', '01 02', 89.750, 359.000, 269.250, 30),
('2020 12 30', '01 02', 89.750, 359.000, 269.250, 30),
('2020 07 02', '07 06', NULL, NULL, 299.000, 31),
('2020 07 02', '07 06', NULL, NULL, 299.000, 31),
('2020 08 19', '08 23', NULL, NULL, 299.000, 31),
('2020 08 19', '08 23', NULL, NULL, 299.000, 31),
('2020 09 29', '10 03', NULL, NULL, 299.000, 31),
('2020 09 29', '10 03', NULL, NULL, 299.000, 31),
('2020 05 26', '05 29', NULL, NULL, 299.000, 32),
('2020 05 26', '05 29', NULL, NULL, 299.000, 32),
('2020 07 01', '07 04', NULL, NULL, 299.000, 32),
('2020 07 01', '07 04', NULL, NULL, 299.000, 32),
('2020 08 19', '08 22', NULL, NULL, 299.000, 32),
('2020 08 19', '08 22', NULL, NULL, 299.000, 32),
('2020 12 29', '01 02', 104.750, 419.000, 314.250, 33),
('2020 12 29', '01 02', 104.750, 419.000, 314.250, 33),
('2020 12 29', '01 02', 107.250, 429.000, 321.750, 34),
('2020 12 29', '01 02', 107.250, 429.000, 321.750, 34),
('2020 06 26', '07 01', NULL, NULL, 379.000, 35),
('2020 06 26', '07 01', NULL, NULL, 379.000, 35),
('2020 07 14', '07 19', NULL, NULL, 349.000, 35),
('2020 07 14', '07 19', NULL, NULL, 349.000, 35),
('2020 08 03', '08 08', NULL, NULL, 349.000, 35),
('2020 08 03', '08 08', NULL, NULL, 349.000, 35),
('2020 06 30', '07 03', NULL, NULL, 349.000, 36),
('2020 06 30', '07 03', NULL, NULL, 349.000, 36),
('2020 08 18', '08 21', NULL, NULL, 349.000, 36),
('2020 08 18', '08 21', NULL, NULL, 349.000, 36),
('2020 05 15', '05 22', NULL, NULL, 359.000, 37),
('2020 05 15', '05 22', NULL, NULL, 359.000, 37),
('2020 05 20', '05 27', NULL, NULL, 389.000, 37),
('2020 05 20', '05 27', NULL, NULL, 389.000, 37),
('2020 06 04', '06 11', NULL, NULL, 389.000, 37),
('2020 06 04', '06 11', NULL, NULL, 389.000, 37),
('2020 06 09', '06 16', NULL, NULL, 389.000, 37),
('2020 06 09', '06 16', NULL, NULL, 389.000, 37),
('2020 06 14', '06 21', NULL, NULL, 389.000, 37),
('2020 06 14', '06 21', NULL, NULL, 389.000, 37),
('2020 06 19', '06 26', NULL, NULL, 389.000, 37),
('2020 06 19', '06 26', NULL, NULL, 389.000, 37),
('2020 06 24', '07 01', NULL, NULL, 389.000, 37),
('2020 06 24', '07 01', NULL, NULL, 389.000, 37),
('2020 06 29', '07 06', NULL, NULL, 389.000, 37),
('2020 06 29', '07 06', NULL, NULL, 389.000, 37),
('2020 07 04', '07 11', NULL, NULL, 389.000, 37),
('2020 07 04', '07 11', NULL, NULL, 389.000, 37),
('2020 07 09', '07 16', NULL, NULL, 389.000, 37),
('2020 07 09', '07 16', NULL, NULL, 389.000, 37),
('2020 07 14', '07 21', NULL, NULL, 389.000, 37),
('2020 07 14', '07 21', NULL, NULL, 389.000, 37),
('2020 07 19', '07 26', NULL, NULL, 389.000, 37),
('2020 07 19', '07 26', NULL, NULL, 389.000, 37),
('2020 07 24', '07 31', NULL, NULL, 389.000, 37),
('2020 07 24', '07 31', NULL, NULL, 389.000, 37),
('2020 07 29', '08 05', NULL, NULL, 389.000, 37),
('2020 07 29', '08 05', NULL, NULL, 389.000, 37),
('2020 08 03', '08 10', NULL, NULL, 389.000, 37),
('2020 08 03', '08 10', NULL, NULL, 389.000, 37),
('2020 08 08', '08 15', NULL, NULL, 389.000, 37),
('2020 08 08', '08 15', NULL, NULL, 389.000, 37),
('2020 08 13', '08 20', NULL, NULL, 389.000, 37),
('2020 08 13', '08 20', NULL, NULL, 389.000, 37),
('2020 08 18', '08 25', NULL, NULL, 389.000, 37),
('2020 08 18', '08 25', NULL, NULL, 389.000, 37),
('2020 08 23', '08 30', NULL, NULL, 389.000, 37),
('2020 08 23', '08 30', NULL, NULL, 389.000, 37),
('2020 08 28', '09 04', NULL, NULL, 389.000, 37),
('2020 08 28', '09 04', NULL, NULL, 389.000, 37),
('2020 09 02', '09 09', NULL, NULL, 389.000, 37),
('2020 09 02', '09 09', NULL, NULL, 389.000, 37),
('2020 09 07', '09 14', NULL, NULL, 389.000, 37),
('2020 09 07', '09 14', NULL, NULL, 389.000, 37),
('2020 09 12', '09 19', NULL, NULL, 389.000, 37),
('2020 09 12', '09 19', NULL, NULL, 389.000, 37),
('2020 09 17', '09 24', NULL, NULL, 389.000, 37),
('2020 09 17', '09 24', NULL, NULL, 389.000, 37),
('2020 09 22', '09 29', NULL, NULL, 359.000, 37),
('2020 09 22', '09 29', NULL, NULL, 359.000, 37),
('2020 09 27', '10 04', NULL, NULL, 359.000, 37),
('2020 09 27', '10 04', NULL, NULL, 359.000, 37),
('2020 10 02', '10 09', NULL, NULL, 359.000, 37),
('2020 10 02', '10 09', NULL, NULL, 359.000, 37),
('2020 12 01', '12 06', 119.750, 479.000, 359.250, 38),
('2020 12 01', '12 06', 119.750, 479.000, 359.250, 38),
('2021 02 16', '02 21', 119.750, 479.000, 359.250, 38),
('2021 02 16', '02 21', 119.750, 479.000, 359.250, 38),
('2021 02 15', '02 21', 122.250, 489.000, 366.750, 39),
('2021 02 15', '02 21', 122.250, 489.000, 366.750, 39),
('2020 05 23', '05 28', NULL, NULL, 409.000, 40),
('2020 05 23', '05 28', NULL, NULL, 409.000, 40),
('2020 06 21', '06 26', NULL, NULL, 379.000, 40),
('2020 06 21', '06 26', NULL, NULL, 379.000, 40),
('2020 07 10', '07 15', NULL, NULL, 379.000, 40),
('2020 07 10', '07 15', NULL, NULL, 379.000, 40),
('2020 08 09', '08 14', NULL, NULL, 379.000, 40),
('2020 08 09', '08 14', NULL, NULL, 379.000, 40),
('2020 09 07', '09 12', NULL, NULL, 379.000, 40),
('2020 09 07', '09 12', NULL, NULL, 379.000, 40),
('2021 04 14', '04 19', 67.350, 449.000, 381.650, 41),
('2021 04 14', '04 19', 67.350, 449.000, 381.650, 41),
('2020 12 30', '01 02', 100.350, 669.000, 568.650, 42),
('2020 12 30', '01 02', 100.350, 669.000, 568.650, 42),
('2020 12 28', '01 02', 132.250, 529.000, 396.750, 43),
('2020 12 28', '01 02', 132.250, 529.000, 396.750, 43),
('2020 07 04', '07 10', NULL, NULL, 479.000, 44),
('2020 07 04', '07 10', NULL, NULL, 479.000, 44),
('2020 08 15', '08 21', NULL, NULL, 479.000, 44),
('2020 08 15', '08 21', NULL, NULL, 479.000, 44),
('2020 09 09', '09 15', NULL, NULL, 409.000, 44),
('2020 09 09', '09 15', NULL, NULL, 409.000, 44),
('2020 06 06', '06 14', NULL, NULL, 519.000, 45),
('2020 06 06', '06 14', NULL, NULL, 519.000, 45),
('2020 07 31', '08 08', NULL, NULL, 519.000, 45),
('2020 07 31', '08 08', NULL, NULL, 519.000, 45),
('2020 09 02', '09 10', NULL, NULL, 529.000, 45),
('2020 09 02', '09 10', NULL, NULL, 529.000, 45),
('2020 10 05', '10 13', NULL, NULL, 449.000, 45),
('2020 10 05', '10 13', NULL, NULL, 449.000, 45),
('2020 06 10', '06 14', NULL, NULL, 439.000, 46),
('2020 06 10', '06 14', NULL, NULL, 439.000, 46),
('2020 07 14', '07 18', NULL, NULL, 409.000, 46),
('2020 07 14', '07 18', NULL, NULL, 409.000, 46),
('2020 08 06', '08 10', NULL, NULL, 439.000, 46),
('2020 08 06', '08 10', NULL, NULL, 439.000, 46),
('2020 07 01', '07 09', NULL, NULL, 509.000, 47),
('2020 07 01', '07 09', NULL, NULL, 509.000, 47),
('2020 08 21', '08 29', NULL, NULL, 509.000, 47),
('2020 08 21', '08 29', NULL, NULL, 509.000, 47),
('2020 09 17', '09 25', NULL, NULL, 459.000, 47),
('2020 09 17', '09 25', NULL, NULL, 459.000, 47),
('2020 10 26', '11 03', NULL, NULL, 409.000, 47),
('2020 10 26', '11 03', NULL, NULL, 409.000, 47),
('2020 05 27', '06 03', NULL, NULL, 494.000, 48),
('2020 05 27', '06 03', NULL, NULL, 494.000, 48),
('2020 06 23', '06 30', NULL, NULL, 489.000, 48),
('2020 06 23', '06 30', NULL, NULL, 489.000, 48),
('2020 07 19', '07 26', NULL, NULL, 489.000, 48),
('2020 07 19', '07 26', NULL, NULL, 489.000, 48),
('2020 08 22', '08 29', NULL, NULL, 489.000, 48),
('2020 08 22', '08 29', NULL, NULL, 489.000, 48),
('2020 09 28', '10 05', NULL, NULL, 419.000, 48),
('2020 09 28', '10 05', NULL, NULL, 419.000, 48),
('2020 09 03', '09 08', NULL, NULL, 429.000, 49),
('2020 09 03', '09 08', NULL, NULL, 429.000, 49),
('2020 06 04', '06 10', NULL, NULL, 429.000, 50),
('2020 06 04', '06 10', NULL, NULL, 429.000, 50),
('2020 08 28', '09 03', NULL, NULL, 429.000, 50),
('2020 08 28', '09 03', NULL, NULL, 429.000, 50),
('2020 06 15', '06 21', NULL, NULL, 439.000, 51),
('2020 06 15', '06 21', NULL, NULL, 439.000, 51),
('2020 10 05', '10 11', NULL, NULL, 439.000, 51),
('2020 10 05', '10 11', NULL, NULL, 439.000, 51),
('2020 05 15', '05 23', NULL, NULL, 469.000, 52),
('2020 05 15', '05 23', NULL, NULL, 469.000, 52),
('2020 06 12', '06 20', NULL, NULL, 539.000, 52),
('2020 06 12', '06 20', NULL, NULL, 539.000, 52),
('2020 07 03', '07 11', NULL, NULL, 569.000, 52),
('2020 07 03', '07 11', NULL, NULL, 569.000, 52),
('2020 09 12', '09 20', NULL, NULL, 514.000, 52),
('2020 09 12', '09 20', NULL, NULL, 514.000, 52),
('2020 10 06', '10 14', NULL, NULL, 439.000, 52),
('2020 10 06', '10 14', NULL, NULL, 439.000, 52),
('2020 12 26', '12 31', 149.750, 599.000, 449.250, 53),
('2020 12 26', '12 31', 149.750, 599.000, 449.250, 53),
('2020 12 29', '01 03', 149.750, 599.000, 449.250, 53),
('2020 12 29', '01 03', 149.750, 599.000, 449.250, 53),
('2020 12 30', '01 02', 79.350, 529.000, 449.650, 54),
('2020 12 30', '01 02', 79.350, 529.000, 449.650, 54),
('2020 11 22', '11 25', 79.350, 529.000, 449.650, 55),
('2020 11 22', '11 25', 79.350, 529.000, 449.650, 55),
('2021 03 07', '03 10', 79.350, 529.000, 449.650, 55),
('2021 03 07', '03 10', 79.350, 529.000, 449.650, 55),
('2020 07 02', '07 08', NULL, NULL, 459.000, 56),
('2020 07 02', '07 08', NULL, NULL, 459.000, 56),
('2020 08 23', '08 29', NULL, NULL, 459.000, 56),
('2020 08 23', '08 29', NULL, NULL, 459.000, 56),
('2020 10 05', '10 11', NULL, NULL, 459.000, 56),
('2020 10 05', '10 11', NULL, NULL, 459.000, 56),
('2020 09 06', '09 12', NULL, NULL, 459.000, 57),
('2020 09 06', '09 12', NULL, NULL, 459.000, 57),
('2020 07 18', '07 21', NULL, NULL, 609.000, 58),
('2020 07 18', '07 21', NULL, NULL, 609.000, 58),
('2020 08 08', '08 11', NULL, NULL, 609.000, 58),
('2020 08 08', '08 11', NULL, NULL, 609.000, 58),
('2020 09 12', '09 15', NULL, NULL, 609.000, 58),
('2020 09 12', '09 15', NULL, NULL, 609.000, 58),
('2020 10 17', '10 20', 91.350, 609.000, 517.650, 58),
('2020 10 17', '10 20', 91.350, 609.000, 517.650, 58),
('2020 10 31', '11 03', 85.350, 569.000, 483.650, 58),
('2020 10 31', '11 03', 85.350, 569.000, 483.650, 58),
('2021 03 13', '03 16', 85.350, 569.000, 483.650, 58),
('2021 03 13', '03 16', 85.350, 569.000, 483.650, 58),
('2020 06 17', '06 24', NULL, NULL, 489.000, 59),
('2020 06 17', '06 24', NULL, NULL, 489.000, 59),
('2020 08 13', '08 20', NULL, NULL, 489.000, 59),
('2020 08 13', '08 20', NULL, NULL, 489.000, 59),
('2020 07 13', '07 19', NULL, NULL, 499.000, 60),
('2020 07 13', '07 19', NULL, NULL, 499.000, 60),
('2020 09 24', '09 27', NULL, NULL, 499.000, 61),
('2020 09 24', '09 27', NULL, NULL, 499.000, 61),
('2020 05 29', '06 01', NULL, NULL, 589.000, 62),
('2020 05 29', '06 01', NULL, NULL, 589.000, 62),
('2020 06 26', '06 29', NULL, NULL, 589.000, 62),
('2020 06 26', '06 29', NULL, NULL, 589.000, 62),
('2020 08 07', '08 10', NULL, NULL, 589.000, 62),
('2020 08 07', '08 10', NULL, NULL, 589.000, 62),
('2020 09 18', '09 21', NULL, NULL, 589.000, 62),
('2020 09 18', '09 21', NULL, NULL, 589.000, 62),
('2020 10 16', '10 19', 88.350, 589.000, 500.650, 62),
('2020 10 16', '10 19', 88.350, 589.000, 500.650, 62),
('2020 11 14', '11 17', 88.350, 589.000, 500.650, 62),
('2020 11 14', '11 17', 88.350, 589.000, 500.650, 62),
('2021 03 06', '03 09', 88.350, 589.000, 500.650, 62),
('2021 03 06', '03 09', 88.350, 589.000, 500.650, 62),
('2020 05 28', '05 31', NULL, NULL, 639.000, 63),
('2020 05 28', '05 31', NULL, NULL, 639.000, 63),
('2020 09 10', '09 13', NULL, NULL, 589.000, 63),
('2020 09 10', '09 13', NULL, NULL, 589.000, 63),
('2020 10 15', '10 18', 88.350, 589.000, 500.650, 63),
('2020 10 15', '10 18', 88.350, 589.000, 500.650, 63),
('2020 10 29', '11 01', 94.350, 629.000, 534.650, 63),
('2020 10 29', '11 01', 94.350, 629.000, 534.650, 63),
('2021 03 11', '03 14', 94.350, 629.000, 534.650, 63),
('2021 03 11', '03 14', 94.350, 629.000, 534.650, 63),
('2020 05 26', '06 02', NULL, NULL, 529.000, 64),
('2020 06 27', '07 04', NULL, NULL, 529.000, 64),
('2020 06 27', '07 04', NULL, NULL, 529.000, 64),
('2020 07 29', '08 05', NULL, NULL, 529.000, 64),
('2020 07 29', '08 05', NULL, NULL, 529.000, 64),
('2020 09 03', '09 10', NULL, NULL, 509.000, 64),
('2020 09 03', '09 10', NULL, NULL, 509.000, 64),
('2020 10 24', '10 31', NULL, NULL, 509.000, 64),
('2020 10 24', '10 31', NULL, NULL, 509.000, 64),
('2020 05 26', '06 04', NULL, NULL, 619.000, 65),
('2020 05 26', '06 04', NULL, NULL, 619.000, 65),
('2020 06 27', '07 06', NULL, NULL, 619.000, 65),
('2020 06 27', '07 06', NULL, NULL, 619.000, 65),
('2020 07 20', '07 29', NULL, NULL, 659.000, 65),
('2020 07 20', '07 29', NULL, NULL, 659.000, 65),
('2020 08 21', '08 30', NULL, NULL, 669.000, 65),
('2020 08 21', '08 30', NULL, NULL, 669.000, 65),
('2020 09 23', '10 02', NULL, NULL, 609.000, 65),
('2020 09 23', '10 02', NULL, NULL, 609.000, 65),
('2020 10 22', '10 31', NULL, NULL, 519.000, 65),
('2020 10 22', '10 31', NULL, NULL, 519.000, 65),
('2020 07 21', '07 27', NULL, NULL, 529.000, 66),
('2020 07 21', '07 27', NULL, NULL, 529.000, 66),
('2020 08 13', '08 19', NULL, NULL, 529.000, 66),
('2020 08 13', '08 19', NULL, NULL, 529.000, 66),
('2020 09 25', '10 02', NULL, NULL, 529.000, 67),
('2020 09 25', '10 02', NULL, NULL, 529.000, 67),
('2020 08 14', '08 17', NULL, NULL, 539.000, 68),
('2020 08 14', '08 17', NULL, NULL, 539.000, 68),
('2020 08 06', '08 09', NULL, NULL, 549.000, 69),
('2020 08 06', '08 09', NULL, NULL, 549.000, 69),
('2020 09 05', '09 08', NULL, NULL, 549.000, 70),
('2020 09 05', '09 08', NULL, NULL, 549.000, 70),
('2020 12 30', '01 02', 100.350, 669.000, 568.650, 71),
('2020 12 30', '01 02', 100.350, 669.000, 568.650, 71),
('2020 12 30', '01 02', 100.350, 669.000, 568.650, 72),
('2020 12 30', '01 02', 100.350, 669.000, 568.650, 72),
('2020 10 08', '10 11', NULL, NULL, 569.000, 73),
('2020 10 08', '10 11', NULL, NULL, 569.000, 73),
('2020 09 12', '09 15', NULL, NULL, 589.000, 74),
('2020 09 12', '09 15', NULL, NULL, 589.000, 74),
('2020 10 10', '10 13', NULL, NULL, 589.000, 74),
('2020 10 10', '10 13', NULL, NULL, 589.000, 74),
('2020 07 18', '07 21', NULL, NULL, 589.000, 75),
('2020 07 18', '07 21', NULL, NULL, 589.000, 75),
('2020 09 26', '09 29', NULL, NULL, 589.000, 75),
('2020 09 26', '09 29', NULL, NULL, 589.000, 75),
('2020 06 21', '06 30', NULL, NULL, 699.000, 76),
('2020 06 21', '06 30', NULL, NULL, 699.000, 76),
('2020 09 25', '10 04', NULL, NULL, 609.000, 76),
('2020 09 25', '10 04', NULL, NULL, 609.000, 76),
('2020 06 17', '06 28', NULL, NULL, 619.000, 77),
('2020 06 17', '06 28', NULL, NULL, 619.000, 77),
('2020 07 12', '07 23', NULL, NULL, 619.000, 77),
('2020 07 12', '07 23', NULL, NULL, 619.000, 77),
('2020 09 22', '10 03', NULL, NULL, 649.000, 77),
('2020 09 22', '10 03', NULL, NULL, 649.000, 77),
('2020 05 31', '06 07', NULL, NULL, 679.000, 78),
('2020 05 31', '06 07', NULL, NULL, 679.000, 78),
('2020 07 09', '07 16', NULL, NULL, 629.000, 78),
('2020 07 09', '07 16', NULL, NULL, 629.000, 78),
('2020 09 12', '09 19', NULL, NULL, 629.000, 78),
('2020 09 12', '09 19', NULL, NULL, 629.000, 78),
('2020 08 31', '09 06', NULL, NULL, 699.000, 79),
('2020 08 31', '09 06', NULL, NULL, 699.000, 79),
('2020 05 15', '05 24', NULL, NULL, 809.000, 80),
('2020 05 15', '05 24', NULL, NULL, 809.000, 80),
('2020 07 07', '07 16', NULL, NULL, 739.000, 80),
('2020 07 07', '07 16', NULL, NULL, 739.000, 80),
('2020 09 13', '09 22', NULL, NULL, 829.000, 80),
('2020 09 13', '09 22', NULL, NULL, 829.000, 80),
('2020 10 14', '10 23', NULL, NULL, 709.000, 80),
('2020 10 14', '10 23', NULL, NULL, 709.000, 80),
('2020 06 22', '07 01', NULL, NULL, 789.000, 81),
('2020 06 22', '07 01', NULL, NULL, 789.000, 81),
('2020 07 27', '08 05', NULL, NULL, 789.000, 81),
('2020 07 27', '08 05', NULL, NULL, 789.000, 81),
('2020 08 17', '08 26', NULL, NULL, 739.000, 81),
('2020 08 17', '08 26', NULL, NULL, 739.000, 81),
('2020 06 10', '06 19', NULL, NULL, 829.000, 82),
('2020 06 10', '06 19', NULL, NULL, 829.000, 82),
('2020 08 29', '09 07', NULL, NULL, 799.000, 82),
('2020 08 29', '09 07', NULL, NULL, 799.000, 82),
('2020 10 10', '10 17', 154.350, 1029.000, 874.650, 83),
('2020 10 10', '10 17', 154.350, 1029.000, 874.650, 83),
('2021 03 20', '03 27', 154.350, 1029.000, 874.650, 83),
('2021 03 20', '03 27', 154.350, 1029.000, 874.650, 83),
('2020 06 01', '06 14', NULL, NULL, 899.000, 84),
('2020 06 01', '06 14', NULL, NULL, 899.000, 84),
('2020 09 09', '09 22', NULL, NULL, 949.000, 84),
('2020 09 09', '09 22', NULL, NULL, 949.000, 84),
('2020 11 17', '11 24', 158.850, 1059.000, 900.150, 85),
('2020 11 17', '11 24', 158.850, 1059.000, 900.150, 85),
('2021 01 26', '02 02', 158.850, 1059.000, 900.150, 85),
('2021 01 26', '02 02', 158.850, 1059.000, 900.150, 85),
('2020 10 18', '10 25', 160.350, 1069.000, 908.650, 86),
('2020 10 18', '10 25', 179.850, 1199.000, 1019.150, 86),
('2020 10 18', '10 25', 179.850, 1199.000, 1019.150, 86),
('2020 10 18', '10 25', 179.850, 1199.000, 1019.150, 86),
('2020 11 08', '11 15', 179.850, 1199.000, 1019.150, 86),
('2020 11 08', '11 15', 179.850, 1199.000, 1019.150, 86),
('2020 11 08', '11 15', 179.850, 1199.000, 1019.150, 86),
('2020 12 26', '01 02', 194.850, 1299.000, 1104.150, 86),
('2020 12 26', '01 02', 194.850, 1299.000, 1104.150, 86),
('2020 12 26', '01 02', 194.850, 1299.000, 1104.150, 86),
('2021 02 06', '02 13', 179.850, 1199.000, 1019.150, 86),
('2021 02 06', '02 13', 179.850, 1199.000, 1019.150, 86),
('2021 02 06', '02 13', 179.850, 1199.000, 1019.150, 86),
('2021 03 13', '03 20', 179.850, 1199.000, 1019.150, 86),
('2021 03 13', '03 20', 179.850, 1199.000, 1019.150, 86),
('2021 03 13', '03 20', 179.850, 1199.000, 1019.150, 86),
('2021 04 10', '04 17', NULL, NULL, 1199.000, 86),
('2021 04 10', '04 17', NULL, NULL, 1199.000, 86),
('2021 04 10', '04 17', NULL, NULL, 1199.000, 86),
('2020 10 07', '10 19', NULL, NULL, 959.000, 87),
('2020 10 07', '10 19', NULL, NULL, 959.000, 87),
('2020 11 06', '11 13', 173.850, 1159.000, 985.150, 88),
('2020 11 06', '11 13', 173.850, 1159.000, 985.150, 88),
('2021 02 12', '02 19', 173.850, 1159.000, 985.150, 88),
('2021 02 12', '02 19', 173.850, 1159.000, 985.150, 88),
('2020 05 17', '05 24', NULL, NULL, 1039.000, 89),
('2020 05 17', '05 24', NULL, NULL, 1039.000, 89),
('2020 10 04', '10 11', NULL, NULL, 1039.000, 89),
('2020 10 04', '10 11', NULL, NULL, 1039.000, 89),
('2020 07 09', '07 17', NULL, NULL, 1049.000, 90),
('2020 07 09', '07 17', NULL, NULL, 1049.000, 90),
('2020 07 26', '08 03', NULL, NULL, 1049.000, 90),
('2020 07 26', '08 03', NULL, NULL, 1049.000, 90),
('2020 06 05', '06 12', NULL, NULL, 1069.000, 91),
('2020 06 05', '06 12', NULL, NULL, 1069.000, 91),
('2020 09 18', '09 25', NULL, NULL, 1069.000, 91),
('2020 09 18', '09 25', NULL, NULL, 1069.000, 91),
('2020 12 28', '12 31', 188.850, 1259.000, 1070.150, 92),
('2020 12 28', '12 31', 188.850, 1259.000, 1070.150, 92),
('2021 02 18', '02 21', 188.850, 1259.000, 1070.150, 92),
('2021 02 18', '02 21', 188.850, 1259.000, 1070.150, 92),
('2020 11 28', '12 05', 188.850, 1259.000, 1070.150, 93),
('2020 11 28', '12 05', 188.850, 1259.000, 1070.150, 93),
('2021 03 20', '03 27', 188.850, 1259.000, 1070.150, 93),
('2021 03 20', '03 27', 188.850, 1259.000, 1070.150, 93),
('2020 07 31', '08 07', NULL, NULL, 1089.000, 94),
('2020 07 31', '08 07', NULL, NULL, 1089.000, 94),
('2020 11 19', '11 26', 194.850, 1299.000, 1104.150, 95),
('2020 11 19', '11 26', 194.850, 1299.000, 1104.150, 95),
('2021 03 11', '03 18', 194.850, 1299.000, 1104.150, 95),
('2021 03 11', '03 18', 194.850, 1299.000, 1104.150, 95),
('2020 10 03', '10 10', NULL, NULL, 1129.000, 96),
('2020 10 03', '10 10', NULL, NULL, 1129.000, 96),
('2020 06 13', '06 20', NULL, NULL, 1169.000, 97),
('2020 06 13', '06 20', NULL, NULL, 1169.000, 97),
('2020 07 11', '07 18', NULL, NULL, 1169.000, 97),
('2020 07 11', '07 18', NULL, NULL, 1169.000, 97),
('2020 08 08', '08 15', NULL, NULL, 1169.000, 97),
('2020 08 08', '08 15', NULL, NULL, 1169.000, 97),
('2020 09 19', '09 26', NULL, NULL, 1169.000, 97),
('2020 09 19', '09 26', NULL, NULL, 1169.000, 97),
('2020 10 08', '10 15', NULL, NULL, 1179.000, 98),
('2020 10 08', '10 15', NULL, NULL, 1179.000, 98),
('2020 09 03', '09 10', NULL, NULL, 1189.000, 99),
('2020 09 03', '09 10', NULL, NULL, 1189.000, 99),
('2020 11 21', '11 28', 209.850, 1399.000, 1189.150, 100),
('2020 11 21', '11 28', 209.850, 1399.000, 1189.150, 100),
('2021 03 13', '03 20', 209.850, 1399.000, 1189.150, 100),
('2021 03 13', '03 20', 209.850, 1399.000, 1189.150, 100),
('2020 10 17', '10 30', NULL, NULL, 1199.000, 101),
('2020 10 17', '10 30', NULL, NULL, 1199.000, 101),
('2020 10 02', '10 09', NULL, NULL, 1219.000, 102),
('2020 10 02', '10 09', NULL, NULL, 1219.000, 102),
('2020 10 01', '10 11', NULL, NULL, 1219.000, 103),
('2020 10 01', '10 11', NULL, NULL, 1219.000, 103),
('2020 09 25', '10 02', NULL, NULL, 1289.000, 104),
('2020 09 25', '10 02', NULL, NULL, 1289.000, 104),
('2020 10 02', '10 09', NULL, NULL, 1269.000, 104),
('2020 10 02', '10 09', NULL, NULL, 1269.000, 104),
('2020 10 09', '10 16', NULL, NULL, 1219.000, 104),
('2020 10 09', '10 16', NULL, NULL, 1219.000, 104),
('2020 07 15', '07 22', NULL, NULL, 1249.000, 105),
('2020 07 15', '07 22', NULL, NULL, 1249.000, 105),
('2020 09 10', '09 17', NULL, NULL, 1259.000, 106),
('2020 09 10', '09 17', NULL, NULL, 1259.000, 106),
('2020 07 04', '07 11', NULL, NULL, 1269.000, 107),
('2020 07 04', '07 11', NULL, NULL, 1269.000, 107),
('2020 10 17', '10 24', NULL, NULL, 1299.000, 108),
('2020 10 17', '10 24', NULL, NULL, 1299.000, 108),
('2020 07 12', '07 19', NULL, NULL, 1299.000, 109),
('2020 07 12', '07 19', NULL, NULL, 1299.000, 109),
('2020 06 14', '06 21', NULL, NULL, 1299.000, 110),
('2020 06 14', '06 21', NULL, NULL, 1299.000, 110),
('2020 09 19', '09 26', NULL, NULL, 1299.000, 110),
('2020 09 19', '09 26', NULL, NULL, 1299.000, 110),
('2021 04 22', '04 29', NULL, NULL, 1299.000, 111),
('2021 04 22', '04 29', NULL, NULL, 1299.000, 111),
('2020 06 02', '06 09', NULL, NULL, 1349.000, 112),
('2020 06 02', '06 09', NULL, NULL, 1349.000, 112),
('2020 09 08', '09 15', NULL, NULL, 1349.000, 112),
('2020 09 08', '09 15', NULL, NULL, 1349.000, 112),
('2020 09 15', '09 23', NULL, NULL, 1359.000, 113),
('2020 09 15', '09 23', NULL, NULL, 1359.000, 113),
('2020 09 17', '09 26', NULL, NULL, 1409.000, 114),
('2020 09 17', '09 26', NULL, NULL, 1409.000, 114),
('2020 10 24', '10 31', NULL, NULL, 1409.000, 115),
('2020 10 24', '10 31', NULL, NULL, 1409.000, 115),
('2020 11 14', '11 21', NULL, NULL, 1409.000, 115),
('2020 11 14', '11 21', NULL, NULL, 1409.000, 115),
('2020 07 18', '07 25', NULL, NULL, 1429.000, 116),
('2020 07 18', '07 25', NULL, NULL, 1429.000, 116),
('2020 08 04', '08 11', NULL, NULL, 1429.000, 116),
('2020 08 04', '08 11', NULL, NULL, 1429.000, 116),
('2021 02 17', '02 25', 254.850, 1699.000, 1444.150, 117),
('2021 02 17', '02 25', 254.850, 1699.000, 1444.150, 117),
('2020 10 06', '10 15', NULL, NULL, 1469.000, 118),
('2020 10 06', '10 15', NULL, NULL, 1469.000, 118),
('2020 06 30', '07 07', NULL, NULL, 1489.000, 119),
('2020 06 30', '07 07', NULL, NULL, 1489.000, 119),
('2021 02 13', '02 24', 277.350, 1849.000, 1571.650, 120),
('2021 02 13', '02 24', 277.350, 1849.000, 1571.650, 120),
('2020 10 26', '11 06', 277.350, 1849.000, 1571.650, 121),
('2020 10 26', '11 06', 277.350, 1849.000, 1571.650, 121),
('2020 10 21', '10 29', NULL, NULL, 1669.000, 122),
('2020 10 21', '10 29', NULL, NULL, 1859.000, 122),
('2021 02 17', '02 25', NULL, NULL, 1669.000, 122),
('2021 02 17', '02 25', NULL, NULL, 1859.000, 122),
('2020 09 06', '09 15', NULL, NULL, 1799.000, 123),
('2020 09 06', '09 15', NULL, NULL, 1799.000, 123),
('2020 11 07', '11 18', NULL, NULL, 1899.000, 124),
('2020 11 07', '11 18', NULL, NULL, 2179.000, 124),
('2021 02 13', '02 24', NULL, NULL, 1899.000, 124),
('2021 02 13', '02 24', NULL, NULL, 2179.000, 124),
('2020 10 26', '11 06', NULL, NULL, 1899.000, 125),
('2020 10 26', '11 06', NULL, NULL, 1899.000, 125);

-- --------------------------------------------------------

--
-- Table structure for table `listing`
--

CREATE TABLE `listing` (
  `destinationName` varchar(100) DEFAULT NULL,
  `duration` int(11) DEFAULT NULL,
  `rating` double(11,2) DEFAULT NULL,
  `link` varchar(255) DEFAULT NULL,
  `id` int(11) NOT NULL
) ENGINE=InnoDB DEFAULT CHARSET=utf8mb4;

--
-- Dumping data for table `listing`
--

INSERT INTO `listing` (`destinationName`, `duration`, `rating`, `link`, `id`) VALUES
('Kalėdų Senelis Belovežo girioje Baltarusijoje', 2, 5.00, 'https://www.novaturas.lt/paieska/index/step3/show/dc/0/c/nocity/h/WB64/s_travel_type/roundtrip/s_duration_from/1/s_duration_to/18/s_adults/2/s_childs/0/s_childs_age/1-1-1/s_price_from/30/s_price_to/10000/s_price_for/person/s_sort/checkin_asc', 1),
('Naujieji Metai Gardine', 2, NULL, 'https://www.novaturas.lt/paieska/index/step3/show/dc/0/c/nocity/h/WB72/s_travel_type/roundtrip/s_duration_from/1/s_duration_to/18/s_adults/2/s_childs/0/s_childs_age/1-1-1/s_price_from/30/s_price_to/10000/s_price_for/person/s_sort/checkin_asc', 2),
('Varšuva ir didžiausias Europoje vandens atrakcionų parkas \"Suntago\"', 2, NULL, 'https://www.novaturas.lt/paieska/index/step3/show/dc/0/c/nocity/h/WB75/s_travel_type/roundtrip/s_duration_from/1/s_duration_to/18/s_adults/2/s_childs/0/s_childs_age/1-1-1/s_price_from/30/s_price_to/10000/s_price_for/person/s_sort/checkin_asc', 3),
('Naujieji Metai Karaliaučiuje', 2, NULL, 'https://www.novaturas.lt/paieska/index/step3/show/dc/0/c/nocity/h/WB70/s_travel_type/roundtrip/s_duration_from/1/s_duration_to/18/s_adults/2/s_childs/0/s_childs_age/1-1-1/s_price_from/30/s_price_to/10000/s_price_for/person/s_sort/checkin_asc', 4),
('Lenkijos sostinė Varšuva', 2, 4.80, 'https://www.novaturas.lt/paieska/index/step3/show/dc/0/c/nocity/h/B139/s_travel_type/roundtrip/s_duration_from/1/s_duration_to/18/s_adults/2/s_childs/0/s_childs_age/1-1-1/s_price_from/30/s_price_to/10000/s_price_for/person/s_sort/checkin_asc', 5),
('Baltarusija: Gardinas ir Augustavo kanalas', 2, 4.80, 'https://www.novaturas.lt/paieska/index/step3/show/dc/0/c/nocity/h/B159/s_travel_type/roundtrip/s_duration_from/1/s_duration_to/18/s_adults/2/s_childs/0/s_childs_age/1-1-1/s_price_from/30/s_price_to/10000/s_price_for/person/s_sort/checkin_asc', 6),
('Baltarusija: Minskas ir senieji LDK miestai', 2, 4.60, 'https://www.novaturas.lt/paieska/index/step3/show/dc/0/c/nocity/h/B54/s_travel_type/roundtrip/s_duration_from/1/s_duration_to/18/s_adults/2/s_childs/0/s_childs_age/1-1-1/s_price_from/30/s_price_to/10000/s_price_for/person/s_sort/checkin_asc', 7),
('Saremos sala ir Talinas', 2, 4.70, 'https://www.novaturas.lt/paieska/index/step3/show/dc/0/c/nocity/h/B85/s_travel_type/roundtrip/s_duration_from/1/s_duration_to/18/s_adults/2/s_childs/0/s_childs_age/1-1-1/s_price_from/30/s_price_to/10000/s_price_for/person/s_sort/checkin_asc', 8),
('Mozūrijos krašto įdomybės ir naktinė ekskursija Malborko pilyje', 3, NULL, 'https://www.novaturas.lt/paieska/index/step3/show/dc/0/c/nocity/h/WB78/s_travel_type/roundtrip/s_duration_from/1/s_duration_to/18/s_adults/2/s_childs/0/s_childs_age/1-1-1/s_price_from/30/s_price_to/10000/s_price_for/person/s_sort/checkin_asc', 9),
('Naujieji Metai Vienoje', 3, NULL, 'https://www.novaturas.lt/paieska/index/step3/show/dc/0/c/nocity/h/WB29/s_travel_type/roundtrip/s_duration_from/1/s_duration_to/18/s_adults/2/s_childs/0/s_childs_age/1-1-1/s_price_from/30/s_price_to/10000/s_price_for/person/s_sort/checkin_asc', 10),
('Kalėdinė mugė Ukrainoje Lvove', 3, NULL, 'https://www.novaturas.lt/paieska/index/step3/show/dc/0/c/nocity/h/WB66/s_travel_type/roundtrip/s_duration_from/1/s_duration_to/18/s_adults/2/s_childs/0/s_childs_age/1-1-1/s_price_from/30/s_price_to/10000/s_price_for/person/s_sort/checkin_asc', 11),
('Naujieji Metai Krokuvoje', 3, NULL, 'https://www.novaturas.lt/paieska/index/step3/show/dc/0/c/nocity/h/WB65/s_travel_type/roundtrip/s_duration_from/1/s_duration_to/18/s_adults/2/s_childs/0/s_childs_age/1-1-1/s_price_from/30/s_price_to/10000/s_price_for/person/s_sort/checkin_asc', 12),
('Šiaurės Lenkijos pakrantės miestai', 3, 4.80, 'https://www.novaturas.lt/paieska/index/step3/show/dc/0/c/nocity/h/B50/s_travel_type/roundtrip/s_duration_from/1/s_duration_to/18/s_adults/2/s_childs/0/s_childs_age/1-1-1/s_price_from/30/s_price_to/10000/s_price_for/person/s_sort/checkin_asc', 13),
('Vokietijos sostinė - Berlynas', 3, NULL, 'https://www.novaturas.lt/paieska/index/step3/show/dc/0/c/nocity/h/WB76/s_travel_type/roundtrip/s_duration_from/1/s_duration_to/18/s_adults/2/s_childs/0/s_childs_age/1-1-1/s_price_from/30/s_price_to/10000/s_price_for/person/s_sort/checkin_asc', 14),
('Krokuva, Veličkos Druskų kasyklos ir Osvencimas', 3, 4.80, 'https://www.novaturas.lt/paieska/index/step3/show/dc/0/c/nocity/h/B154/s_travel_type/roundtrip/s_duration_from/1/s_duration_to/18/s_adults/2/s_childs/0/s_childs_age/1-1-1/s_price_from/30/s_price_to/10000/s_price_for/person/s_sort/checkin_asc', 15),
('Naujieji Metai Baltijos jūroje', 3, 5.00, 'https://www.novaturas.lt/paieska/index/step3/show/dc/0/c/nocity/h/WB09/s_travel_type/roundtrip/s_duration_from/1/s_duration_to/18/s_adults/2/s_childs/0/s_childs_age/1-1-1/s_price_from/30/s_price_to/10000/s_price_for/person/s_sort/checkin_asc', 16),
('Kruizas į Šiaurės Veneciją - Stokholmą', 3, 4.90, 'https://www.novaturas.lt/paieska/index/step3/show/dc/0/c/nocity/h/B03/s_travel_type/roundtrip/s_duration_from/1/s_duration_to/18/s_adults/2/s_childs/0/s_childs_age/1-1-1/s_price_from/30/s_price_to/10000/s_price_for/person/s_sort/checkin_asc', 17),
('Saremos ir Hyjumos salos su poilsiu SPA', 3, 4.70, 'https://www.novaturas.lt/paieska/index/step3/show/dc/0/c/nocity/h/B151/s_travel_type/roundtrip/s_duration_from/1/s_duration_to/18/s_adults/2/s_childs/0/s_childs_age/1-1-1/s_price_from/30/s_price_to/10000/s_price_for/person/s_sort/checkin_asc', 18),
('Viena ir kruizas Dunojaus upe', 3, 4.60, 'https://www.novaturas.lt/paieska/index/step3/show/dc/0/c/nocity/h/B90/s_travel_type/roundtrip/s_duration_from/1/s_duration_to/18/s_adults/2/s_childs/0/s_childs_age/1-1-1/s_price_from/30/s_price_to/10000/s_price_for/person/s_sort/checkin_asc', 19),
('Slidinėjimas Zakopanėje Lenkijoje', 4, 5.00, 'https://www.novaturas.lt/paieska/index/step3/show/dc/0/c/nocity/h/WB41/s_travel_type/roundtrip/s_duration_from/1/s_duration_to/18/s_adults/2/s_childs/0/s_childs_age/1-1-1/s_price_from/30/s_price_to/10000/s_price_for/person/s_sort/checkin_asc', 20),
('Zakopanės kalnų kurortas ir Lenkijos pilys', 3, 4.70, 'https://www.novaturas.lt/paieska/index/step3/show/dc/0/c/nocity/h/B132/s_travel_type/roundtrip/s_duration_from/1/s_duration_to/18/s_adults/2/s_childs/0/s_childs_age/1-1-1/s_price_from/30/s_price_to/10000/s_price_for/person/s_sort/checkin_asc', 21),
('Karaliaučiaus kraštas su poilsiu prie jūros', 3, NULL, 'https://www.novaturas.lt/paieska/index/step3/show/dc/0/c/nocity/h/B162/s_travel_type/roundtrip/s_duration_from/1/s_duration_to/18/s_adults/2/s_childs/0/s_childs_age/1-1-1/s_price_from/30/s_price_to/10000/s_price_for/person/s_sort/checkin_asc', 22),
('Naujieji Metai Ukrainoje Lvove ', 4, NULL, 'https://www.novaturas.lt/paieska/index/step3/show/dc/0/c/nocity/h/WB68/s_travel_type/roundtrip/s_duration_from/1/s_duration_to/18/s_adults/2/s_childs/0/s_childs_age/1-1-1/s_price_from/30/s_price_to/10000/s_price_for/person/s_sort/checkin_asc', 23),
('Vokietijos sostinė Berlynas', 3, 4.90, 'https://www.novaturas.lt/paieska/index/step3/show/dc/0/c/nocity/h/B112/s_travel_type/roundtrip/s_duration_from/1/s_duration_to/18/s_adults/2/s_childs/0/s_childs_age/1-1-1/s_price_from/30/s_price_to/10000/s_price_for/person/s_sort/checkin_asc', 24),
('Kalėdinių mugių šurmulys Vokietijoje ', 4, 5.00, 'https://www.novaturas.lt/paieska/index/step3/show/dc/0/c/nocity/h/WB36/s_travel_type/roundtrip/s_duration_from/1/s_duration_to/18/s_adults/2/s_childs/0/s_childs_age/1-1-1/s_price_from/30/s_price_to/10000/s_price_for/person/s_sort/checkin_asc', 25),
('Naujieji Metai Austrijoje Zalcburge', 4, 4.50, 'https://www.novaturas.lt/paieska/index/step3/show/dc/0/c/nocity/h/WB67/s_travel_type/roundtrip/s_duration_from/1/s_duration_to/18/s_adults/2/s_childs/0/s_childs_age/1-1-1/s_price_from/30/s_price_to/10000/s_price_for/person/s_sort/checkin_asc', 26),
('Vokiškoji Saksonijos Šveicarija', 4, 4.80, 'https://www.novaturas.lt/paieska/index/step3/show/dc/0/c/nocity/h/B97/s_travel_type/roundtrip/s_duration_from/1/s_duration_to/18/s_adults/2/s_childs/0/s_childs_age/1-1-1/s_price_from/30/s_price_to/10000/s_price_for/person/s_sort/checkin_asc', 27),
('Naujieji Metai Sankt Peterburge', 4, NULL, 'https://www.novaturas.lt/paieska/index/step3/show/dc/0/c/nocity/h/WB71/s_travel_type/roundtrip/s_duration_from/1/s_duration_to/18/s_adults/2/s_childs/0/s_childs_age/1-1-1/s_price_from/30/s_price_to/10000/s_price_for/person/s_sort/checkin_asc', 28),
('Slidinėjimas Slovakijoje – Žemuosiuose Tatruose', 5, 5.00, 'https://www.novaturas.lt/paieska/index/step3/show/dc/0/c/nocity/h/WB39/s_travel_type/roundtrip/s_duration_from/1/s_duration_to/18/s_adults/2/s_childs/0/s_childs_age/1-1-1/s_price_from/30/s_price_to/10000/s_price_for/person/s_sort/checkin_asc', 29),
('Naujieji Metai Berlyne', 4, 5.00, 'https://www.novaturas.lt/paieska/index/step3/show/dc/0/c/nocity/h/WB20/s_travel_type/roundtrip/s_duration_from/1/s_duration_to/18/s_adults/2/s_childs/0/s_childs_age/1-1-1/s_price_from/30/s_price_to/10000/s_price_for/person/s_sort/checkin_asc', 30),
('Budapeštas, Praha, Viena', 5, 4.70, 'https://www.novaturas.lt/paieska/index/step3/show/dc/0/c/nocity/h/B42/s_travel_type/roundtrip/s_duration_from/1/s_duration_to/18/s_adults/2/s_childs//s_childs_age/1-1-1/s_price_from/30/s_price_to/10000/s_price_for/person/s_sort/checkin_asc', 31),
('Baltijos kruizas: Talinas, Helsinkis, Stokholmas, Ryga', 4, 4.90, 'https://www.novaturas.lt/paieska/index/step3/show/dc/0/c/nocity/h/B78/s_travel_type/roundtrip/s_duration_from/1/s_duration_to/18/s_adults/2/s_childs/0/s_childs_age/1-1-1/s_price_from/30/s_price_to/10000/s_price_for/person/s_sort/checkin_asc', 32),
('Naujieji Metai Venecijoje', 5, NULL, 'https://www.novaturas.lt/paieska/index/step3/show/dc/0/c/nocity/h/WB33/s_travel_type/roundtrip/s_duration_from/1/s_duration_to/18/s_adults/2/s_childs/0/s_childs_age/1-1-1/s_price_from/30/s_price_to/10000/s_price_for/person/s_sort/checkin_asc', 33),
('Naujieji Metai Veronoje', 5, 5.00, 'https://www.novaturas.lt/paieska/index/step3/show/dc/0/c/nocity/h/WB31/s_travel_type/roundtrip/s_duration_from/1/s_duration_to/18/s_adults/2/s_childs/0/s_childs_age/1-1-1/s_price_from/30/s_price_to/10000/s_price_for/person/s_sort/checkin_asc', 34),
('Slovakijos kalnai ir poilsis Pieninų nacionaliniame parke', 6, 5.00, 'https://www.novaturas.lt/paieska/index/step3/show/dc/0/c/nocity/h/B45/s_travel_type/roundtrip/s_duration_from/1/s_duration_to/18/s_adults/2/s_childs/0/s_childs_age/1-1-1/s_price_from/30/s_price_to/10000/s_price_for/person/s_sort/checkin_asc', 35),
('Slovakijos kalnai ir dvi Lenkijos sostinės', 4, 4.90, 'https://www.novaturas.lt/paieska/index/step3/show/dc/0/c/nocity/h/B47/s_travel_type/roundtrip/s_duration_from/1/s_duration_to/18/s_adults/2/s_childs/0/s_childs_age/1-1-1/s_price_from/30/s_price_to/10000/s_price_for/person/s_sort/checkin_asc', 36),
('Poilsis Šiaurinėje Kroatijoje', 8, 4.80, 'https://www.novaturas.lt/paieska/index/step3/show/dc/0/c/nocity/h/B81/s_travel_type/roundtrip/s_duration_from/1/s_duration_to/18/s_adults/2/s_childs/0/s_childs_age/1-1-1/s_price_from/30/s_price_to/10000/s_price_for/person/s_sort/checkin_asc', 37),
('Kalėdų senelio gimtinė - Laplandija', 6, NULL, 'https://www.novaturas.lt/paieska/index/step3/show/dc/0/c/nocity/h/WB77/s_travel_type/roundtrip/s_duration_from/1/s_duration_to/18/s_adults/2/s_childs/0/s_childs_age/1-1-1/s_price_from/30/s_price_to/10000/s_price_for/person/s_sort/checkin_asc', 38),
('Klasikinė Italija..', 7, NULL, 'https://www.novaturas.lt/paieska/index/step3/show/dc/0/c/nocity/h/WB74/s_travel_type/roundtrip/s_duration_from/1/s_duration_to/18/s_adults/2/s_childs/0/s_childs_age/1-1-1/s_price_from/30/s_price_to/10000/s_price_for/person/s_sort/checkin_asc', 39),
('Smaragdinė Slovėnija ir kampelis Italijos', 6, 4.90, 'https://www.novaturas.lt/paieska/index/step3/show/dc/0/c/nocity/h/B95/s_travel_type/roundtrip/s_duration_from/1/s_duration_to/18/s_adults/2/s_childs//s_childs_age/1-1-1/s_price_from/30/s_price_to/10000/s_price_for/person/s_sort/checkin_asc', 40),
('Gėlių paradas Olandijoje', 6, 5.00, 'https://www.novaturas.lt/paieska/index/step3/show/dc/0/c/nocity/h/B38/s_travel_type/roundtrip/s_duration_from/1/s_duration_to/18/s_adults/2/s_childs/0/s_childs_age/1-1-1/s_price_from/30/s_price_to/10000/s_price_for/person/s_sort/checkin_asc', 41),
('Naujieji Metai Paryžiuje', 7, 4.70, 'https://www.novaturas.lt/paieska/index/step3/show/dc/0/c/nocity/h/RW26/s_travel_type/roundtrip/s_duration_from/1/s_duration_to/18/s_adults/2/s_childs/0/s_childs_age/1-1-1/s_price_from/30/s_price_to/10000/s_price_for/person/s_sort/checkin_asc', 42),
('Naujieji Metai Prancūzijos Elzase Strasbūre', 6, NULL, 'https://www.novaturas.lt/paieska/index/step3/show/dc/0/c/nocity/h/WB05/s_travel_type/roundtrip/s_duration_from/1/s_duration_to/18/s_adults/2/s_childs/0/s_childs_age/1-1-1/s_price_from/30/s_price_to/10000/s_price_for/person/s_sort/checkin_asc', 43),
('Prancūzijos sostinė Paryžius', 7, 4.80, 'https://www.novaturas.lt/paieska/index/step3/show/dc/0/c/nocity/h/B67/s_travel_type/roundtrip/s_duration_from/1/s_duration_to/18/s_adults/2/s_childs/0/s_childs_age/1-1-1/s_price_from/30/s_price_to/10000/s_price_for/person/s_sort/checkin_asc', 44),
('Poilsis Riminio Rivjeroje', 9, 4.90, 'https://www.novaturas.lt/paieska/index/step3/show/dc/0/c/nocity/h/B142/s_travel_type/roundtrip/s_duration_from/1/s_duration_to/18/s_adults/2/s_childs/0/s_childs_age/1-1-1/s_price_from/30/s_price_to/10000/s_price_for/person/s_sort/checkin_asc', 45),
('Sankt Peterburgas', 5, 4.90, 'https://www.novaturas.lt/paieska/index/step3/show/dc/0/c/nocity/h/B51/s_travel_type/roundtrip/s_duration_from/1/s_duration_to/18/s_adults/2/s_childs/0/s_childs_age/1-1-1/s_price_from/30/s_price_to/10000/s_price_for/person/s_sort/checkin_asc', 46),
('Poilsis Graikijos Olimpinėje Rivjeroje', 9, 4.80, 'https://www.novaturas.lt/paieska/index/step3/show/dc/0/c/nocity/h/B82/s_travel_type/roundtrip/s_duration_from/1/s_duration_to/18/s_adults/2/s_childs/0/s_childs_age/1-1-1/s_price_from/30/s_price_to/10000/s_price_for/person/s_sort/checkin_asc', 47),
('Poilsis Italijoje Lido Di Jesolo kurorte', 8, 4.80, 'https://www.novaturas.lt/paieska/index/step3/show/dc/0/c/nocity/h/B14/s_travel_type/roundtrip/s_duration_from/1/s_duration_to/18/s_adults/2/s_childs/0/s_childs_age/1-1-1/s_price_from/30/s_price_to/10000/s_price_for/person/s_sort/checkin_asc', 48),
('Vokietijos, Olandijos miestai ir parkai', 6, 4.90, 'https://www.novaturas.lt/paieska/index/step3/show/dc/0/c/nocity/h/B160/s_travel_type/roundtrip/s_duration_from/1/s_duration_to/18/s_adults/2/s_childs/0/s_childs_age/1-1-1/s_price_from/30/s_price_to/10000/s_price_for/person/s_sort/checkin_asc', 49),
('Austrijos Alpių kalnai', 7, 4.50, 'https://www.novaturas.lt/paieska/index/step3/show/dc/0/c/nocity/h/B65/s_travel_type/roundtrip/s_duration_from/1/s_duration_to/18/s_adults/2/s_childs/0/s_childs_age/1-1-1/s_price_from/30/s_price_to/10000/s_price_for/person/s_sort/checkin_asc', 50),
('Liuksemburgas - Belgija - Olandija', 7, 4.40, 'https://www.novaturas.lt/paieska/index/step3/show/dc/0/c/nocity/h/B156/s_travel_type/roundtrip/s_duration_from/1/s_duration_to/18/s_adults/2/s_childs/0/s_childs_age/1-1-1/s_price_from/30/s_price_to/10000/s_price_for/person/s_sort/checkin_asc', 51),
('Pietų Kroatija su poilsiu Makarskos pakrantėje', 9, 4.80, 'https://www.novaturas.lt/paieska/index/step3/show/dc/0/c/nocity/h/B30/s_travel_type/roundtrip/s_duration_from/1/s_duration_to/18/s_adults/2/s_childs/0/s_childs_age/1-1-1/s_price_from/30/s_price_to/10000/s_price_for/person/s_sort/checkin_asc', 52),
('Laplandija - Kalėdų stebuklų ir baltos žiemos šalis', 6, 5.00, 'https://www.novaturas.lt/paieska/index/step3/show/dc/0/c/nocity/h/WB01/s_travel_type/roundtrip/s_duration_from/1/s_duration_to/18/s_adults/2/s_childs/0/s_childs_age/1-1-1/s_price_from/30/s_price_to/10000/s_price_for/person/s_sort/checkin_asc', 53),
('Naujieji Metai Romoje', 4, NULL, 'https://www.novaturas.lt/paieska/index/step3/show/dc/0/c/nocity/h/RW20/s_travel_type/roundtrip/s_duration_from/1/s_duration_to/18/s_adults/2/s_childs/0/s_childs_age/1-1-1/s_price_from/30/s_price_to/10000/s_price_for/person/s_sort/checkin_asc', 54),
('Pramogos Nicoje', 4, NULL, 'https://www.novaturas.lt/paieska/index/step3/show/dc/0/c/nocity/h/RW23/s_travel_type/roundtrip/s_duration_from/1/s_duration_to/18/s_adults/2/s_childs/0/s_childs_age/1-1-1/s_price_from/30/s_price_to/10000/s_price_for/person/s_sort/checkin_asc', 55),
('Prancūzijos Elzasas ir Vokietijos Švarcvaldas', 7, 4.90, 'https://www.novaturas.lt/paieska/index/step3/show/dc/0/c/nocity/h/B110/s_travel_type/roundtrip/s_duration_from/1/s_duration_to/18/s_adults/2/s_childs/0/s_childs_age/1-1-1/s_price_from/30/s_price_to/10000/s_price_for/person/s_sort/checkin_asc', 56),
('Vokietijos Hanzos miestai, Riugeno sala ir Gdanskas', 7, NULL, 'https://www.novaturas.lt/paieska/index/step3/show/dc/0/c/nocity/h/B163/s_travel_type/roundtrip/s_duration_from/1/s_duration_to/18/s_adults/2/s_childs/0/s_childs_age/1-1-1/s_price_from/30/s_price_to/10000/s_price_for/person/s_sort/checkin_asc', 57),
('Savaitgalis Romoje', 4, 4.90, 'https://www.novaturas.lt/paieska/index/step3/show/dc/0/c/nocity/h/RW02/s_travel_type/roundtrip/s_duration_from/1/s_duration_to/18/s_adults/2/s_childs/0/s_childs_age/1-1-1/s_price_from/30/s_price_to/10000/s_price_for/person/s_sort/checkin_asc', 58),
('Rumunijos Maramures, Transilvanijos provincijos ir sostinė Bukareštas', 8, 5.00, 'https://www.novaturas.lt/paieska/index/step3/show/dc/0/c/nocity/h/B143/s_travel_type/roundtrip/s_duration_from/1/s_duration_to/18/s_adults/2/s_childs/0/s_childs_age/1-1-1/s_price_from/30/s_price_to/10000/s_price_for/person/s_sort/checkin_asc', 59),
('Šveicarija ir Austrija', 7, NULL, 'https://www.novaturas.lt/paieska/index/step3/show/dc/0/c/nocity/h/B34/s_travel_type/roundtrip/s_duration_from/1/s_duration_to/18/s_adults/2/s_childs/0/s_childs_age/1-1-1/s_price_from/30/s_price_to/10000/s_price_for/person/s_sort/checkin_asc', 60),
('Pramogos Atėnuose', 4, NULL, 'https://www.novaturas.lt/paieska/index/step3/show/dc/0/c/nocity/h/RW24/s_travel_type/roundtrip/s_duration_from/1/s_duration_to/18/s_adults/2/s_childs/0/s_childs_age/1-1-1/s_price_from/30/s_price_to/10000/s_price_for/person/s_sort/checkin_asc', 61),
('Savaitgalis Paryžiuje', 4, 4.90, 'https://www.novaturas.lt/paieska/index/step3/show/dc/0/c/nocity/h/RW03/s_travel_type/roundtrip/s_duration_from/1/s_duration_to/18/s_adults/2/s_childs/0/s_childs_age/1-1-1/s_price_from/30/s_price_to/10000/s_price_for/person/s_sort/checkin_asc', 62),
('Savaitgalis Stambule', 4, 4.80, 'https://www.novaturas.lt/paieska/index/step3/show/dc/0/c/nocity/h/RW07/s_travel_type/roundtrip/s_duration_from/1/s_duration_to/18/s_adults/2/s_childs/0/s_childs_age/1-1-1/s_price_from/30/s_price_to/10000/s_price_for/person/s_sort/checkin_asc', 63),
('Klasikinė Italija', 8, 4.90, 'https://www.novaturas.lt/paieska/index/step3/show/dc/0/c/nocity/h/B153/s_travel_type/roundtrip/s_duration_from/1/s_duration_to/18/s_adults/2/s_childs/0/s_childs_age/1-1-1/s_price_from/30/s_price_to/10000/s_price_for/person/s_sort/checkin_asc', 64),
('Balkanai: Serbija, Kroatija, Juodkalnija, Albanija, Bosnija ir Hercegovina', 10, 4.80, 'https://www.novaturas.lt/paieska/index/step3/show/dc/0/c/nocity/h/B101/s_travel_type/roundtrip/s_duration_from/1/s_duration_to/18/s_adults/2/s_childs/0/s_childs_age/1-1-1/s_price_from/30/s_price_to/10000/s_price_for/person/s_sort/checkin_asc', 65),
('Maskva ir Auksinis Rusijos žiedas', 7, NULL, 'https://www.novaturas.lt/paieska/index/step3/show/dc/0/c/nocity/h/B161/s_travel_type/roundtrip/s_duration_from/1/s_duration_to/18/s_adults/2/s_childs/0/s_childs_age/1-1-1/s_price_from/30/s_price_to/10000/s_price_for/person/s_sort/checkin_asc', 66),
('Italijos Toskana, Ligūrijos pakrantė ir Veneto regionas', 8, NULL, 'https://www.novaturas.lt/paieska/index/step3/show/dc/0/c/nocity/h/B58/s_travel_type/roundtrip/s_duration_from/1/s_duration_to/18/s_adults/2/s_childs/0/s_childs_age/1-1-1/s_price_from/30/s_price_to/10000/s_price_for/person/s_sort/checkin_asc', 67),
('Savaitgalis Vienoje', 4, NULL, 'https://www.novaturas.lt/paieska/index/step3/show/dc/0/c/nocity/h/RW31/s_travel_type/roundtrip/s_duration_from/1/s_duration_to/18/s_adults/2/s_childs/0/s_childs_age/1-1-1/s_price_from/30/s_price_to/10000/s_price_for/person/s_sort/checkin_asc', 68),
('Savaitgalis Maskvoje', 4, NULL, 'https://www.novaturas.lt/paieska/index/step3/show/dc/0/c/nocity/h/RW28/s_travel_type/roundtrip/s_duration_from/1/s_duration_to/18/s_adults/2/s_childs/0/s_childs_age/1-1-1/s_price_from/30/s_price_to/10000/s_price_for/person/s_sort/checkin_asc', 69),
('Savaitgalis Dubline', 4, NULL, 'https://www.novaturas.lt/paieska/index/step3/show/dc/0/c/nocity/h/RW29/s_travel_type/roundtrip/s_duration_from/1/s_duration_to/18/s_adults/2/s_childs/0/s_childs_age/1-1-1/s_price_from/30/s_price_to/10000/s_price_for/person/s_sort/checkin_asc', 70),
('Naujieji Metai Paryžiuje', 4, NULL, 'https://www.novaturas.lt/paieska/index/step3/show/dc/0/c/nocity/h/RW26/s_travel_type/roundtrip/s_duration_from/1/s_duration_to/18/s_adults/2/s_childs/0/s_childs_age/1-1-1/s_price_from/30/s_price_to/10000/s_price_for/person/s_sort/checkin_asc', 71),
('Naujieji Metai Stambule', 4, NULL, 'https://www.novaturas.lt/paieska/index/step3/show/dc/0/c/nocity/h/RW32/s_travel_type/roundtrip/s_duration_from/1/s_duration_to/18/s_adults/2/s_childs/0/s_childs_age/1-1-1/s_price_from/30/s_price_to/10000/s_price_for/person/s_sort/checkin_asc', 72),
('Savaitgalis Maltoje', 4, 4.10, 'https://www.novaturas.lt/paieska/index/step3/show/dc/0/c/nocity/h/RW14/s_travel_type/roundtrip/s_duration_from/1/s_duration_to/18/s_adults/2/s_childs/0/s_childs_age/1-1-1/s_price_from/30/s_price_to/10000/s_price_for/person/s_sort/checkin_asc', 73),
('Savaitgalis Barselonoje', 4, NULL, 'https://www.novaturas.lt/paieska/index/step3/show/dc/0/c/nocity/h/RW04/s_travel_type/roundtrip/s_duration_from/1/s_duration_to/18/s_adults/2/s_childs/0/s_childs_age/1-1-1/s_price_from/30/s_price_to/10000/s_price_for/person/s_sort/checkin_asc', 74),
('Savaitgalis Budapešte', 4, NULL, 'https://www.novaturas.lt/paieska/index/step3/show/dc/0/c/nocity/h/RW30/s_travel_type/roundtrip/s_duration_from/1/s_duration_to/18/s_adults/2/s_childs/0/s_childs_age/1-1-1/s_price_from/30/s_price_to/10000/s_price_for/person/s_sort/checkin_asc', 75),
('Poilsis Ispanijoje prie Viduržemio jūros', 10, NULL, 'https://www.novaturas.lt/paieska/index/step3/show/dc/0/c/nocity/h/B128/s_travel_type/roundtrip/s_duration_from/1/s_duration_to/18/s_adults/2/s_childs/0/s_childs_age/1-1-1/s_price_from/30/s_price_to/10000/s_price_for/person/s_sort/checkin_asc', 76),
('Poilsis Pietų Graikijoje', 12, 4.80, 'https://www.novaturas.lt/paieska/index/step3/show/dc/0/c/nocity/h/B122/s_travel_type/roundtrip/s_duration_from/1/s_duration_to/18/s_adults/2/s_childs/0/s_childs_age/1-1-1/s_price_from/30/s_price_to/10000/s_price_for/person/s_sort/checkin_asc', 77),
('Italija, Šveicarija, Austrija', 8, NULL, 'https://www.novaturas.lt/paieska/index/step3/show/dc/0/c/nocity/h/B12/s_travel_type/roundtrip/s_duration_from/1/s_duration_to/18/s_adults/2/s_childs/0/s_childs_age/1-1-1/s_price_from/30/s_price_to/10000/s_price_for/person/s_sort/checkin_asc', 78),
('Anglija - Londonas', 7, NULL, 'https://www.novaturas.lt/paieska/index/step3/show/dc/0/c/nocity/h/B26/s_travel_type/roundtrip/s_duration_from/1/s_duration_to/18/s_adults/2/s_childs/0/s_childs_age/1-1-1/s_price_from/30/s_price_to/10000/s_price_for/person/s_sort/checkin_asc', 79),
('Italija nuo Venecijos iki Kaprio salos', 10, 5.00, 'https://www.novaturas.lt/paieska/index/step3/show/dc/0/c/nocity/h/B11/s_travel_type/roundtrip/s_duration_from/1/s_duration_to/18/s_adults/2/s_childs/0/s_childs_age/1-1-1/s_price_from/30/s_price_to/10000/s_price_for/person/s_sort/checkin_asc', 80),
('Prancūzija - Paryžius ir Luaros slėnio pilys', 10, 5.00, 'https://www.novaturas.lt/paieska/index/step3/show/dc/0/c/nocity/h/B20/s_travel_type/roundtrip/s_duration_from/1/s_duration_to/18/s_adults/2/s_childs/0/s_childs_age/1-1-1/s_price_from/30/s_price_to/10000/s_price_for/person/s_sort/checkin_asc', 81),
('Prancūzijos Provansas ir Žydrasis krantas', 10, 4.90, 'https://www.novaturas.lt/paieska/index/step3/show/dc/0/c/nocity/h/B152/s_travel_type/roundtrip/s_duration_from/1/s_duration_to/18/s_adults/2/s_childs/0/s_childs_age/1-1-1/s_price_from/30/s_price_to/10000/s_price_for/person/s_sort/checkin_asc', 82),
('Izraelis ir poilsis Netanijoje', 8, NULL, 'https://www.novaturas.lt/paieska/index/step3/show/dc/0/c/nocity/h/WP45/s_travel_type/roundtrip/s_duration_from/1/s_duration_to/18/s_adults/2/s_childs/0/s_childs_age/1-1-1/s_price_from/30/s_price_to/10000/s_price_for/person/s_sort/checkin_asc', 83),
('Ispanija, Šveicarija, Prancūzija, Italija ir poilsis prie jūros', 14, NULL, 'https://www.novaturas.lt/paieska/index/step3/show/dc/0/c/nocity/h/B102/s_travel_type/roundtrip/s_duration_from/1/s_duration_to/18/s_adults/2/s_childs/0/s_childs_age/1-1-1/s_price_from/30/s_price_to/10000/s_price_for/person/s_sort/checkin_asc', 84),
('Kruizas Nilu ir Abu Simbelio šventykla', 8, 4.90, 'https://www.novaturas.lt/paieska/index/step3/show/dc/0/c/nocity/h/EGRTHNILE1/s_travel_type/roundtrip/s_duration_from/1/s_duration_to/18/s_adults/2/s_childs/0/s_childs_age/1-1-1/s_price_from/30/s_price_to/10000/s_price_for/person/s_sort/checkin_asc', 85),
('Kruizas Nilu  ir dvi Egipto sostinės', 8, 4.50, 'https://www.novaturas.lt/paieska/index/step3/show/dc/0/c/nocity/h/ERHRTNILE2/s_travel_type/roundtrip/s_duration_from/1/s_duration_to/18/s_adults/2/s_childs/0/s_childs_age/1-1-1/s_price_from/30/s_price_to/10000/s_price_for/person/s_sort/checkin_asc', 86),
('Prancūzija, Ispanija ir nepažintas Baskų kraštas', 13, 4.90, 'https://www.novaturas.lt/paieska/index/step3/show/dc/0/c/nocity/h/B155/s_travel_type/roundtrip/s_duration_from/1/s_duration_to/18/s_adults/2/s_childs/0/s_childs_age/1-1-1/s_price_from/30/s_price_to/10000/s_price_for/person/s_sort/checkin_asc', 87),
('Jordanija', 8, 5.00, 'https://www.novaturas.lt/paieska/index/step3/show/dc/0/c/nocity/h/WP41/s_travel_type/roundtrip/s_duration_from/1/s_duration_to/18/s_adults/2/s_childs/0/s_childs_age/1-1-1/s_price_from/30/s_price_to/10000/s_price_for/person/s_sort/checkin_asc', 88),
('Turkija', 8, 4.90, 'https://www.novaturas.lt/paieska/index/step3/show/dc/0/c/nocity/h/TRART7N/s_travel_type/roundtrip/s_duration_from/1/s_duration_to/18/s_adults/2/s_childs/0/s_childs_age/1-1-1/s_price_from/30/s_price_to/10000/s_price_for/person/s_sort/checkin_asc', 89),
('Norvegija, Švedija, Danija', 9, 5.00, 'https://www.novaturas.lt/paieska/index/step3/show/dc/0/c/nocity/h/B02/s_travel_type/roundtrip/s_duration_from/1/s_duration_to/18/s_adults/2/s_childs/0/s_childs_age/1-1-1/s_price_from/30/s_price_to/10000/s_price_for/person/s_sort/checkin_asc', 90),
('Tunisas ...Sacharos link ', 8, 4.90, 'https://www.novaturas.lt/paieska/index/step3/show/dc/0/c/nocity/h/TNMRT/s_travel_type/roundtrip/s_duration_from/1/s_duration_to/18/s_adults/2/s_childs/0/s_childs_age/1-1-1/s_price_from/30/s_price_to/10000/s_price_for/person/s_sort/checkin_asc', 91),
('Savaitgalis Laplandijoje', 4, NULL, 'https://www.novaturas.lt/paieska/index/step3/show/dc/0/c/nocity/h/RW21/s_travel_type/roundtrip/s_duration_from/1/s_duration_to/18/s_adults/2/s_childs/0/s_childs_age/1-1-1/s_price_from/30/s_price_to/10000/s_price_for/person/s_sort/checkin_asc', 92),
('Egipto dykumos', 8, NULL, 'https://www.novaturas.lt/paieska/index/step3/show/dc/0/c/nocity/h/WP44/s_travel_type/roundtrip/s_duration_from/1/s_duration_to/18/s_adults/2/s_childs/0/s_childs_age/1-1-1/s_price_from/30/s_price_to/10000/s_price_for/person/s_sort/checkin_asc', 93),
('Rumunija', 8, NULL, 'https://www.novaturas.lt/paieska/index/step3/show/dc/0/c/nocity/h/P54/s_travel_type/roundtrip/s_duration_from/1/s_duration_to/18/s_adults/2/s_childs/0/s_childs_age/1-1-1/s_price_from/30/s_price_to/10000/s_price_for/person/s_sort/checkin_asc', 94),
('Marokas.', 8, 4.60, 'https://www.novaturas.lt/paieska/index/step3/show/dc/0/c/nocity/h/WP39/s_travel_type/roundtrip/s_duration_from/1/s_duration_to/18/s_adults/2/s_childs/0/s_childs_age/1-1-1/s_price_from/30/s_price_to/10000/s_price_for/person/s_sort/checkin_asc', 95),
('Klasikinė Italija.', 8, NULL, 'https://www.novaturas.lt/paieska/index/step3/show/dc/0/c/nocity/h/ITRRTITA/s_travel_type/roundtrip/s_duration_from/1/s_duration_to/18/s_adults/2/s_childs/0/s_childs_age/1-1-1/s_price_from/30/s_price_to/10000/s_price_for/person/s_sort/checkin_asc', 96),
('Turkija ...kruizas Viduržemio jūra', 8, NULL, 'https://www.novaturas.lt/paieska/index/step3/show/dc/0/c/nocity/h/P64/s_travel_type/roundtrip/s_duration_from/1/s_duration_to/18/s_adults/2/s_childs/0/s_childs_age/1-1-1/s_price_from/30/s_price_to/10000/s_price_for/person/s_sort/checkin_asc', 97),
('Sicilija ', 8, 4.80, 'https://www.novaturas.lt/paieska/index/step3/show/dc/0/c/nocity/h/ITCRTSICIL/s_travel_type/roundtrip/s_duration_from/1/s_duration_to/18/s_adults/2/s_childs/0/s_childs_age/1-1-1/s_price_from/30/s_price_to/10000/s_price_for/person/s_sort/checkin_asc', 98),
('Pietų Italija ...Apulija', 8, 4.80, 'https://www.novaturas.lt/paieska/index/step3/show/dc/0/c/nocity/h/ITNRTP43/s_travel_type/roundtrip/s_duration_from/1/s_duration_to/18/s_adults/2/s_childs/0/s_childs_age/1-1-1/s_price_from/30/s_price_to/10000/s_price_for/person/s_sort/checkin_asc', 99),
('Izraelis – Jordanija', 8, 5.00, 'https://www.novaturas.lt/paieska/index/step3/show/dc/0/c/nocity/h/ILTWP05/s_travel_type/roundtrip/s_duration_from/1/s_duration_to/18/s_adults/2/s_childs/0/s_childs_age/1-1-1/s_price_from/30/s_price_to/10000/s_price_for/person/s_sort/checkin_asc', 100),
('Turkija ir Graikija', 14, NULL, 'https://www.novaturas.lt/paieska/index/step3/show/dc/0/c/nocity/h/B111/s_travel_type/roundtrip/s_duration_from/1/s_duration_to/18/s_adults/2/s_childs/0/s_childs_age/1-1-1/s_price_from/30/s_price_to/10000/s_price_for/person/s_sort/checkin_asc', 101),
('Pietų Ispanija ir Gibraltaras', 8, 4.80, 'https://www.novaturas.lt/paieska/index/step3/show/dc/0/c/nocity/h/ESMRTAND/s_travel_type/roundtrip/s_duration_from/1/s_duration_to/18/s_adults/2/s_childs/0/s_childs_age/1-1-1/s_price_from/30/s_price_to/10000/s_price_for/person/s_sort/checkin_asc', 102),
('Graikija', 11, NULL, 'https://www.novaturas.lt/paieska/index/step3/show/dc/0/c/nocity/h/P70/s_travel_type/roundtrip/s_duration_from/1/s_duration_to/18/s_adults/2/s_childs/0/s_childs_age/1-1-1/s_price_from/30/s_price_to/10000/s_price_for/person/s_sort/checkin_asc', 103),
('Portugalija ...poilsis Algarvėje', 8, 4.90, 'https://www.novaturas.lt/paieska/index/step3/show/dc/0/c/nocity/h/PTFRTPORT/s_travel_type/roundtrip/s_duration_from/1/s_duration_to/18/s_adults/2/s_childs/0/s_childs_age/1-1-1/s_price_from/30/s_price_to/10000/s_price_for/person/s_sort/checkin_asc', 104),
('Gruzija (Sakartvelas)', 8, 5.00, 'https://www.novaturas.lt/paieska/index/step3/show/dc/0/c/nocity/h/GERTP30/s_travel_type/roundtrip/s_duration_from/1/s_duration_to/18/s_adults/2/s_childs/0/s_childs_age/1-1-1/s_price_from/30/s_price_to/10000/s_price_for/person/s_sort/checkin_asc', 105),
('Juodkalnija - Albanija - Kroatija', 8, 5.00, 'https://www.novaturas.lt/paieska/index/step3/show/dc/0/c/nocity/h/P60/s_travel_type/roundtrip/s_duration_from/1/s_duration_to/18/s_adults/2/s_childs/0/s_childs_age/1-1-1/s_price_from/30/s_price_to/10000/s_price_for/person/s_sort/checkin_asc', 106),
('Azerbaidžanas', 8, NULL, 'https://www.novaturas.lt/paieska/index/step3/show/dc/0/c/nocity/h/P65/s_travel_type/roundtrip/s_duration_from/1/s_duration_to/18/s_adults/2/s_childs/0/s_childs_age/1-1-1/s_price_from/30/s_price_to/10000/s_price_for/person/s_sort/checkin_asc', 107),
('Izraelis', 8, 5.00, 'https://www.novaturas.lt/paieska/index/step3/show/dc/0/c/nocity/h/EBSRTFRASW/s_travel_type/roundtrip/s_duration_from/1/s_duration_to/18/s_adults/2/s_childs/0/s_childs_age/1-1-1/s_price_from/30/s_price_to/10000/s_price_for/person/s_sort/checkin_asc', 108),
('Prancūzijos Provansas ir Žydrasis krantas.', 8, 4.80, 'https://www.novaturas.lt/paieska/index/step3/show/dc/0/c/nocity/h/FRNRTPRO/s_travel_type/roundtrip/s_duration_from/1/s_duration_to/18/s_adults/2/s_childs/0/s_childs_age/1-1-1/s_price_from/30/s_price_to/10000/s_price_for/person/s_sort/checkin_asc', 109),
('Šiaurės Italija', 8, 4.90, 'https://www.novaturas.lt/paieska/index/step3/show/dc/0/c/nocity/h/P61/s_travel_type/roundtrip/s_duration_from/1/s_duration_to/18/s_adults/2/s_childs/0/s_childs_age/1-1-1/s_price_from/30/s_price_to/10000/s_price_for/person/s_sort/checkin_asc', 110),
('Portugalija.', 8, NULL, 'https://www.novaturas.lt/paieska/index/step3/show/dc/0/c/nocity/h/WP48/s_travel_type/roundtrip/s_duration_from/1/s_duration_to/18/s_adults/2/s_childs/0/s_childs_age/1-1-1/s_price_from/30/s_price_to/10000/s_price_for/person/s_sort/checkin_asc', 111),
('Pracūzija ir Italija ...didysis Monblano kalnynas', 8, NULL, 'https://www.novaturas.lt/paieska/index/step3/show/dc/0/c/nocity/h/P63/s_travel_type/roundtrip/s_duration_from/1/s_duration_to/18/s_adults/2/s_childs/0/s_childs_age/1-1-1/s_price_from/30/s_price_to/10000/s_price_for/person/s_sort/checkin_asc', 112),
('Portugalija ...poilsis Cascais', 9, NULL, 'https://www.novaturas.lt/paieska/index/step3/show/dc/0/c/nocity/h/P71/s_travel_type/roundtrip/s_duration_from/1/s_duration_to/18/s_adults/2/s_childs/0/s_childs_age/1-1-1/s_price_from/30/s_price_to/10000/s_price_for/person/s_sort/checkin_asc', 113),
('Ispanija', 10, NULL, 'https://www.novaturas.lt/paieska/index/step3/show/dc/0/c/nocity/h/ESBRTSPAIN/s_travel_type/roundtrip/s_duration_from/1/s_duration_to/18/s_adults/2/s_childs/0/s_childs_age/1-1-1/s_price_from/30/s_price_to/10000/s_price_for/person/s_sort/checkin_asc', 114),
('Izraelis - Jordanija', 8, 4.90, 'https://www.novaturas.lt/paieska/index/step3/show/dc/0/c/nocity/h/P53/s_travel_type/roundtrip/s_duration_from/1/s_duration_to/18/s_adults/2/s_childs/0/s_childs_age/1-1-1/s_price_from/30/s_price_to/10000/s_price_for/person/s_sort/checkin_asc', 115),
('Norvegija', 8, 4.90, 'https://www.novaturas.lt/paieska/index/step3/show/dc/0/c/nocity/h/NOORTP34/s_travel_type/roundtrip/s_duration_from/1/s_duration_to/18/s_adults/2/s_childs/0/s_childs_age/1-1-1/s_price_from/30/s_price_to/10000/s_price_for/person/s_sort/checkin_asc', 116),
('Indija', 9, NULL, 'https://www.novaturas.lt/paieska/index/step3/show/dc/0/c/nocity/h/INGRTINDIA/s_travel_type/roundtrip/s_duration_from/1/s_duration_to/18/s_adults/2/s_childs/0/s_childs_age/1-1-1/s_price_from/30/s_price_to/10000/s_price_for/person/s_sort/checkin_asc', 117),
('Marokas...', 10, NULL, 'https://www.novaturas.lt/paieska/index/step3/show/dc/0/c/nocity/h/P69/s_travel_type/roundtrip/s_duration_from/1/s_duration_to/18/s_adults/2/s_childs/0/s_childs_age/1-1-1/s_price_from/30/s_price_to/10000/s_price_for/person/s_sort/checkin_asc', 118),
('Škotija - Airija', 8, 4.80, 'https://www.novaturas.lt/paieska/index/step3/show/dc/0/c/nocity/h/GBERTP33/s_travel_type/roundtrip/s_duration_from/1/s_duration_to/18/s_adults/2/s_childs/0/s_childs_age/1-1-1/s_price_from/30/s_price_to/10000/s_price_for/person/s_sort/checkin_asc', 119),
('Šri Lanka.', 12, NULL, 'https://www.novaturas.lt/paieska/index/step3/show/dc/0/c/nocity/h/CLCRTCMB/s_travel_type/roundtrip/s_duration_from/1/s_duration_to/18/s_adults/2/s_childs/0/s_childs_age/1-1-1/s_price_from/30/s_price_to/10000/s_price_for/person/s_sort/checkin_asc', 120),
('Vietnamas.', 12, NULL, 'https://www.novaturas.lt/paieska/index/step3/show/dc/0/c/nocity/h/WP43/s_travel_type/roundtrip/s_duration_from/1/s_duration_to/18/s_adults/2/s_childs/0/s_childs_age/1-1-1/s_price_from/30/s_price_to/10000/s_price_for/person/s_sort/checkin_asc', 121),
('Indija.', 9, 4.70, 'https://www.novaturas.lt/paieska/index/step3/show/dc/0/c/nocity/h/INDRTP49/s_travel_type/roundtrip/s_duration_from/1/s_duration_to/18/s_adults/2/s_childs/0/s_childs_age/1-1-1/s_price_from/30/s_price_to/10000/s_price_for/person/s_sort/checkin_asc', 122),
('Tailandas', 10, NULL, 'https://www.novaturas.lt/paieska/index/step3/show/dc/0/c/nocity/h/P66/s_travel_type/roundtrip/s_duration_from/1/s_duration_to/18/s_adults/2/s_childs/0/s_childs_age/1-1-1/s_price_from/30/s_price_to/10000/s_price_for/person/s_sort/checkin_asc', 123),
('Šri Lanka', 12, NULL, 'https://www.novaturas.lt/paieska/index/step3/show/dc/0/c/nocity/h/LKCRTP47/s_travel_type/roundtrip/s_duration_from/1/s_duration_to/18/s_adults/2/s_childs/0/s_childs_age/1-1-1/s_price_from/30/s_price_to/10000/s_price_for/person/s_sort/checkin_asc', 124),
('Vietnamas', 12, NULL, 'https://www.novaturas.lt/paieska/index/step3/show/dc/0/c/nocity/h/P67/s_travel_type/roundtrip/s_duration_from/1/s_duration_to/18/s_adults/2/s_childs/0/s_childs_age/1-1-1/s_price_from/30/s_price_to/10000/s_price_for/person/s_sort/checkin_asc', 125);

-- --------------------------------------------------------

--
-- Table structure for table `users`
--

CREATE TABLE `users` (
  `id` int(11) NOT NULL,
  `username` varchar(255) NOT NULL,
  `password` varchar(255) NOT NULL,
  `email` varchar(255) NOT NULL,
  `created` datetime NOT NULL DEFAULT current_timestamp(),
  `modified` datetime NOT NULL DEFAULT current_timestamp(),
  `active` tinyint(1) NOT NULL DEFAULT 0,
  `verification_hash` varchar(255) NOT NULL
) ENGINE=InnoDB DEFAULT CHARSET=utf8mb4;

--
-- Dumping data for table `users`
--

INSERT INTO `users` (`id`, `username`, `password`, `email`, `created`, `modified`, `active`, `verification_hash`) VALUES
(27, 'Clouse', '$2y$10$c1rKPgsa.3EY0SNCjVXXbOQon57lqBAUz1sM5nQL3gAjeJeY0hrVe', 'vilius.grimalauskas@gmail.com', '2020-04-14 18:58:13', '2020-04-14 18:58:13', 1, 'b9a25e422ba96f7572089a00b838c3f8'),
(32, 'tomas', '$2y$10$IpSPZ2V4hih3rtyDAF4JFuURbQ./Sqoclo5d752kn3Ka9jZ2Mr8gy', 'vgrimalauskas@yahoo.com', '2020-04-15 15:17:19', '2020-04-15 15:20:40', 1, '1feb4cdda5aafe2a48cbe27544cd8e4b');

-- --------------------------------------------------------

--
-- Table structure for table `user_has_country`
--

CREATE TABLE `user_has_country` (
  `user_id` int(11) NOT NULL,
  `country_id` varchar(5) NOT NULL
) ENGINE=InnoDB DEFAULT CHARSET=utf8mb4;

--
-- Dumping data for table `user_has_country`
--

INSERT INTO `user_has_country` (`user_id`, `country_id`) VALUES
(27, 'ES'),
(27, 'GR'),
(27, 'HR'),
(27, 'IT'),
(27, 'LT'),
(27, 'MT'),
(27, 'TR'),
(32, 'AD'),
(32, 'AE');

--
-- Indexes for dumped tables
--

--
-- Indexes for table `country`
--
ALTER TABLE `country`
  ADD PRIMARY KEY (`id`);

--
-- Indexes for table `country_has_listing`
--
ALTER TABLE `country_has_listing`
  ADD KEY `country2` (`countryId`),
  ADD KEY `listing` (`listingId`);

--
-- Indexes for table `individual`
--
ALTER TABLE `individual`
  ADD KEY `indivId` (`indivId`);

--
-- Indexes for table `listing`
--
ALTER TABLE `listing`
  ADD PRIMARY KEY (`id`);

--
-- Indexes for table `users`
--
ALTER TABLE `users`
  ADD PRIMARY KEY (`id`);

--
-- Indexes for table `user_has_country`
--
ALTER TABLE `user_has_country`
  ADD PRIMARY KEY (`user_id`,`country_id`),
  ADD KEY `user` (`user_id`),
  ADD KEY `country` (`country_id`);

--
-- AUTO_INCREMENT for dumped tables
--

--
-- AUTO_INCREMENT for table `listing`
--
ALTER TABLE `listing`
  MODIFY `id` int(11) NOT NULL AUTO_INCREMENT, AUTO_INCREMENT=126;

--
-- AUTO_INCREMENT for table `users`
--
ALTER TABLE `users`
  MODIFY `id` int(11) NOT NULL AUTO_INCREMENT, AUTO_INCREMENT=33;

--
-- Constraints for dumped tables
--

--
-- Constraints for table `country_has_listing`
--
ALTER TABLE `country_has_listing`
  ADD CONSTRAINT `country2` FOREIGN KEY (`countryId`) REFERENCES `country` (`id`),
  ADD CONSTRAINT `listing` FOREIGN KEY (`listingId`) REFERENCES `listing` (`id`);

--
-- Constraints for table `individual`
--
ALTER TABLE `individual`
  ADD CONSTRAINT `individual_ibfk_1` FOREIGN KEY (`indivId`) REFERENCES `listing` (`id`);

--
-- Constraints for table `user_has_country`
--
ALTER TABLE `user_has_country`
  ADD CONSTRAINT `country` FOREIGN KEY (`country_id`) REFERENCES `country` (`id`),
  ADD CONSTRAINT `user` FOREIGN KEY (`user_id`) REFERENCES `users` (`id`);
COMMIT;

/*!40101 SET CHARACTER_SET_CLIENT=@OLD_CHARACTER_SET_CLIENT */;
/*!40101 SET CHARACTER_SET_RESULTS=@OLD_CHARACTER_SET_RESULTS */;
/*!40101 SET COLLATION_CONNECTION=@OLD_COLLATION_CONNECTION */;
